Year,Field,Transect,Biomass_Litter,Biomass_TotalVegetation,Biomass_Annual,Biomass_C3_Perennial,Biomass_C4S_Perennial,Biomass_Forb_Perennial,Biomass_Leg_Perennial
1988,24,G,404.233,41.4333,0,41.434,0,0,0
1988,24,R,181.467,58.4,46.467,3.666,1.633,6.633,0
1988,24,W,365.633,96.3667,0.367,94.5,0,1.5,0
1988,24,Y,208.7,158.033,20.867,6.367,11.967,118.833,0
1988,26,G,1047.73,168.433,0.033,21.967,96.8,0,0
1988,26,R,719.1,114.533,0.467,34.3,79.767,0,0
1988,26,W,277.033,47.8,0.067,10.332,37.367,0.033,0
1988,26,Y,671.167,107.867,0,32.667,75.1,0.1,0
1988,35,G,472.7,56.6333,0.033,3.933,52.666,0,0
1988,35,R,557.167,40.8,0,2.767,37.367,0.667,0
1988,35,W,459.233,51.7,1.033,10.833,39.566,0.267,0
1988,35,Y,537.6,81.4,0,10.5,70.9,0,0
1988,39,G,396.9,48.7,30.7,0.033,0.433,0,17.533
1988,39,R,86.467,25.3667,11.833,0,6.667,6.867,0
1988,39,W,69.133,29.7,13.867,3.467,0,12.367,0
1988,39,Y,122.3,50.8333,12.932,6.033,27.334,4.533,0
1988,4,G,372.167,68.2333,25.267,42.967,0,0,0
1988,4,R,409.967,56.5333,1.166,51.8,3.566,0,0
1988,4,W,234.2,58,3.367,4.433,50.2,0,0
1988,4,Y,265.2,58,50.5,6.833,0,0.667,0
1988,41,G,141.233,20.7333,20.1,0.633,0,0,0
1988,41,R,170,97.5,92.3,4.4,0.8,0,0
1988,41,W,204.533,81.2333,77.1,3.567,0,0.5,0.033
1988,41,Y,219.433,44.0667,31.566,12.5,0,0,0
1988,45,G,372.733,69.7,0.2,33.767,30.267,0.433,5.033
1988,45,R,90.367,63.0667,52.333,5.833,0.067,4.834,0
1988,45,W,226.333,59.8333,24,15.766,0,18.5,1.567
1988,45,Y,411.9,50.9667,0,41.366,0,2.267,7.333
1988,5,G,473.533,130.367,83.267,33.334,0,13.3,0.467
1988,5,R,246.533,33.3667,0.2,30.633,2.067,0.467,0
1988,5,W,378.633,98.4333,0.433,97.2,0,0.633,0
1988,5,Y,424.467,45.5,2.833,42.666,0,0,0
1988,53,G,540.6,66.2,7.533,58.6,0,0.033,0
1988,53,R,565.7,45.1,1.433,43.634,0.033,0,0
1988,53,W,525.567,94.1667,18.466,75.7,0,0,0
1988,53,Y,489.867,50.6333,0.333,50.3,0,0,0
1988,70,G,114.833,39.4667,0,1.5,32.7,0,1.467
1988,70,R,150.333,20.5,1.434,13.166,5.567,0.333,0
1988,70,W,152.467,68.4,0.733,63.867,3.4,0.4,0
1988,70,Y,272.267,49.0667,2.067,37.334,1.2,8.466,0
1988,72,G,416.067,153.7,0,47.666,3.901,36.5,0
1988,72,R,228,24.5333,1.633,0,16,6.4,0.5
1988,72,W,232.767,23.1,1.667,0,18,3.4,0
1988,72,Y,315.1,8.1333,0,2.6,5.533,0,0
1988,77,G,239.133,88.1,13.634,4.467,27.034,42.967,0
1988,77,R,371.133,102.7,0.033,14.8,87.666,0.2,0
1988,77,W,320.967,36.4,0.233,26.467,5.7,4,0
1988,77,Y,318,26.8,2.833,20.233,1.2,0,0
1988,LS,G,0,113.367,113.367,0,0,0,0
1988,LS,R,0.533,4.7667,0,4.767,0,0,0
1988,LS,W,0,146.733,146.733,0,0,0,0
1988,LS,Y,0.5,290.633,290.634,0,0,0,0
1989,24,G,133.2,113.697,15.737,95.33,2.63,0,0
1989,24,R,138.9,44.62,20.607,12.276,0.773,10.964,0
1989,24,W,220.067,138.853,6.264,123.147,0,9.443,0
1989,24,Y,135.033,80.5467,29.771,14.777,0.1,35.9,0
1989,26,G,350.633,118.83,0.11,32.6,85.1,1.02,0
1989,26,R,342.3,228.567,0.817,56.816,163.62,7.313,0
1989,26,W,176.467,115.9,1.343,25.76,85,3.797,0
1989,26,Y,260.5,142.79,0,38.023,104.767,0,0
1989,35,G,476.6,87.1,0,5.9,81.2,0,0
1989,35,R,319.567,86.9667,0.167,7.067,79.733,0,0
1989,35,W,335.733,123.5,0,11.833,111.5,0.167,0
1989,35,Y,444.333,151,0,23.267,127.734,0,0
1989,39,G,102.933,170.967,156.9,0,3.1,0.2,10.767
1989,39,R,77.9,68.3667,26.566,0,13.433,28.367,0
1989,39,W,51.933,82.0333,10.166,33.1,0,38.766,0
1989,39,Y,51,57.8333,40.333,11.467,0.333,5.7,0
1989,4,G,142.3,109.287,40.216,69.07,0,0,0
1989,4,R,241.433,169.6,19.9,60.867,88.833,0,0
1989,4,W,89.467,123.077,22.577,4.94,95.56,0,0
1989,4,Y,60.467,73.55,49.662,18.537,4.963,0.39,0
1989,41,G,153.567,65.6667,65.665,0,0,0,0
1989,41,R,134.933,119.967,63.033,15.166,0.933,0,40.833
1989,41,W,214.833,180.033,123.133,21.767,0,3.867,31.267
1989,41,Y,78,154.767,80.234,32.633,3.2,0.367,38.333
1989,45,G,287.733,172.1,12.933,110.834,27.8,13.7,6.833
1989,45,R,336.433,95.2667,23.332,26.5,5.033,40.4,0
1989,45,W,191.667,134.567,4.766,72.434,1.733,13.733,41.9
1989,45,Y,420.5,184.2,17.499,116.867,0,0.6,49.233
1989,5,G,164.167,105,25.233,38.699,0,19.033,22.033
1989,5,R,126.767,59.7633,0.143,54.793,4.187,0.64,0
1989,5,W,273.767,150.787,1.424,149.364,0,0,0
1989,5,Y,233.967,141.467,18.267,123.2,0,0,0
1989,53,G,230.9,166.733,2.299,164.366,0.067,0,0
1989,53,R,286.5,165.967,24.9,140.267,0,0.8,0
1989,53,W,164.667,138.167,40.1,98.066,0,0,0
1989,53,Y,292.733,136.467,1.734,134.7,0,0.033,0
1989,70,G,290.367,75.6667,9.333,21,45.2,0.133,0
1989,70,R,193.9,59.0667,11.1,45.499,1.467,1,0
1989,70,W,125.7,138,2.765,122.367,0.967,11.9,0
1989,70,Y,138.567,118.5,3.401,103.633,0,11.467,0
1989,72,G,409.967,172.367,0,73.966,3.5,61.933,0
1989,72,R,284.533,83.3333,7.3,0,53.733,22.3,0
1989,72,W,300.033,144.033,1.1,16.633,92.333,33.967,0
1989,72,Y,164.467,249.367,10.267,14.567,129.233,87.433,0
1989,77,G,252.4,148.767,44.9,3.6,70.534,29.533,0.2
1989,77,R,329.267,89.6,0.3,13.2,68.7,0.967,0
1989,77,W,284.6,69.7667,7.299,52.5,9.966,0,0
1989,77,Y,339.767,95.7667,0,79.334,16.433,0,0
1989,LS,G,10.567,41.87,41.87,0,0,0,0
1989,LS,R,29.003,87.4767,81.369,6.107,0,0,0
1989,LS,W,39.79,45.2233,45.223,0,0,0,0
1989,LS,Y,203.133,116.6,103.58,12.827,0,0.193,0
1990,24,G,320.267,51.9267,1.753,50.173,0,0,0
1990,24,R,179.833,62.6533,43.42,19.21,0,0.023,0
1990,24,W,308.2,81.0067,9.597,71.41,0,0,0
1990,24,Y,0,1.6933,1.53,0,0,0.163,0
1990,26,G,630.7,76.64,0,9.893,57.987,0,0
1990,26,R,438.167,139.587,3.423,49.264,84.267,2.633,0
1990,26,W,370.067,113.09,0.244,43.116,68.533,1.197,0
1990,26,Y,327.967,139.493,0,28.661,102.956,0.773,0
1990,35,G,677.367,106.437,0.09,4.277,102.067,0,0
1990,35,R,338.733,88.1467,0.097,3.36,84.566,0,0
1990,35,W,185.233,64.2833,0.137,2.667,61.23,0.25,0
1990,35,Y,700.733,141.157,0.023,36.646,104.487,0,0
1990,39,G,232.133,111.727,95.64,12.467,0.357,0,3.263
1990,39,R,174.533,55.8567,41.783,0,14.073,0,0
1990,39,W,156.867,74.1067,62.79,9.47,0.543,1.303,0
1990,39,Y,144.967,80.2667,71.247,7.313,1.707,0,0
1990,4,G,115.6,78.3333,8.666,69.667,0,0,0
1990,4,R,302,86.38,3.434,33.743,49.203,0,0
1990,4,W,124.933,92.1133,1.853,5.827,84.433,0,0
1990,4,Y,116.367,98.5833,10.883,71.6,16.1,0,0
1990,41,G,92.42,83.4367,77.004,6.433,0,0,0
1990,41,R,74.527,94.1033,85.434,7.92,0.67,0.08,0
1990,41,W,231.5,164.017,59.369,73.267,0,30.733,0.647
1990,41,Y,80.07,133.28,33.06,93.767,0.11,6.343,0
1990,45,G,549,104.113,11.643,48.437,16.767,27.223,0.043
1990,45,R,125.5,77.9933,22.443,38.183,2.733,14.633,0
1990,45,W,386.133,76.5233,8.45,66.433,0,1.64,0
1990,45,Y,455.033,45.6667,7,38.667,0,0,0
1990,5,G,174.6,72.0233,8.583,48.667,9.5,5.273,0
1990,5,R,229.233,71.5833,0.72,58.933,8.3,3.63,0
1990,5,W,385.433,89.7533,2.454,84.434,0,2.867,0
1990,5,Y,612.167,77.13,11.803,65.327,0,0,0
1990,53,G,793.8,92.11,7.143,83.666,1.3,0,0
1990,53,R,351.767,84.53,9.838,73.867,0.827,0,0
1990,53,W,477.733,143.133,75.194,67.94,0,0,0
1990,53,Y,350.4,107.937,64.717,43.22,0,0,0
1990,70,G,228.7,56.8433,1.343,38.85,16.626,0.023,0
1990,70,R,61.933,72.1367,7.537,64.033,0.567,0,0
1990,70,W,261.733,109.753,8.229,94.88,4.867,1.777,0
1990,70,Y,264.833,131.503,10.62,107.276,10.927,2.68,0
1990,72,G,519.333,63.6667,0.8,31.766,4.367,2.2,0
1990,72,R,151.2,44.47,0.153,0.117,44.2,0,0
1990,72,W,139.133,75.86,0,3.163,50.733,21.963,0
1990,72,Y,184.233,130.493,9.566,36.857,74.267,3.7,0
1990,77,G,152.467,91.8667,2.053,12.373,32.467,27.346,2.96
1990,77,R,274.133,106.533,0.2,10.267,79.766,0.2,0.1
1990,77,W,129.667,42.3233,2.223,39.2,0.9,0,0
1990,77,Y,219.533,74.9,3.6,54.134,15.533,1.633,0
1990,LS,G,26.833,15.2333,10.8,0,4.433,0,0
1990,LS,R,151.733,15.97,15.787,0.184,0,0,0
1990,LS,W,104.273,45.42,43.907,1.513,0,0,0
1990,LS,Y,319.233,54.2267,38.64,14.4,0,1.187,0
1991,24,G,169.567,139.303,31.413,105.263,0.5,0.047,1.283
1991,24,R,70.6,47.9,22.133,25.5,0.267,0,0
1991,24,W,392.967,202.267,44.4,155.767,0,2.067,0
1991,24,Y,251.733,127,30.433,55.333,32.067,9.166,0
1991,26,G,617.933,187.633,2.623,45.224,136.36,1.457,0.007
1991,26,R,501.967,196.713,24.492,65.609,104.9,1.713,0
1991,26,W,593.9,167.35,1.98,74.673,71.986,12.957,5.753
1991,26,Y,359.7,179,0.467,82.466,93.067,0.2,0.1
1991,35,G,338.7,154.5,0.233,13.867,140.4,0,0
1991,35,R,406,203.067,0.1,12.467,190.5,0,0
1991,35,W,331.667,226.767,0,22.7,203.367,0.7,0
1991,35,Y,360.433,204.633,4.9,73.433,126.3,0,0
1991,39,G,134.1,88.9,73.067,7.667,0.567,7.533,0
1991,39,R,265.633,44.3333,35.066,0.7,2.967,5.6,0
1991,39,W,108.9,51.0667,35.8,7.6,0,7.667,0
1991,39,Y,198.833,68.1,48.466,18.833,0.8,0,0
1991,4,G,122.533,178.63,57.157,121.389,0.083,0,0
1991,4,R,182.9,145.243,34.081,105.277,5.81,0,0.077
1991,4,W,293.3,140.033,19.824,24.277,95.933,0,0
1991,4,Y,247.967,240.187,61.95,125.353,52.833,0.05,0
1991,41,G,64.9,100.333,71.8,0.467,0,3.2,24.867
1991,41,R,82.067,211.667,48.9,14.1,0.2,0,148.467
1991,41,W,211.333,330.533,99.3,116.532,0.033,29.133,85.533
1991,41,Y,116.967,298.4,17.068,138.966,0,17.8,124.567
1991,45,G,465.633,246,11.432,103.9,69.3,5.467,55.9
1991,45,R,164.067,97.1,50.466,28.567,0.4,5.733,11.933
1991,45,W,398.433,99.5333,1.167,72.1,0,1.266,24.967
1991,45,Y,470.233,73.2333,0.6,59.166,0,0,13.433
1991,5,G,286.6,138.417,2.493,51.23,1.727,5.733,77.233
1991,5,R,235.633,153.23,12.561,130.909,8.26,1.494,0
1991,5,W,408.7,169.187,7.01,157.266,0,4.91,0
1991,5,Y,452.6,144.003,7.013,118.623,0,0,18.367
1991,53,G,448.433,182.133,3.7,174.233,4,0,0.167
1991,53,R,238.5,149.267,7.867,141.3,0,0.1,0
1991,53,W,413.433,204.433,13.4,191,0,0,0
1991,53,Y,285.2,129.95,31.453,98.374,0,0.123,0
1991,70,G,225.833,53.6,22.533,21.433,7.034,0,0
1991,70,R,127.833,98.7667,28.166,69,1.6,0,0
1991,70,W,153.933,196.2,20,155.333,0.6,20.267,0
1991,70,Y,143.367,202.2,19.601,152.501,1.3,28.733,0
1991,72,G,329.967,182.033,2.633,73.267,32.4,49.334,0
1991,72,R,122.333,46.5667,26.234,0.4,19.933,0,0
1991,72,W,219.1,129.767,7.934,33.967,43.933,43.935,0
1991,72,Y,178.867,192.357,10.124,163,11.467,3.833,0
1991,77,G,307.233,147.733,14.268,41.934,71.766,19.667,0.1
1991,77,R,499.933,166.267,0.866,27.3,129.9,0,0
1991,77,W,286.333,72.8,4.866,66.801,1.1,0.033,0
1991,77,Y,1043.43,152.7,3.234,148.133,1.233,0.1,0
1991,LS,G,29.667,21.6,21.533,0,0.067,0,0
1991,LS,R,118.267,151.633,101.933,49.7,0,0,0
1991,LS,W,93.033,134,101.9,32.1,0,0,0
1991,LS,Y,326.3,496.3,1.566,494.6,0,0,0
1992,24,G,256.7,83.7757,20.142,63.401,0.033,0.2,0
1992,24,R,121.1,69.6,3.367,66,0,0.233,0
1992,24,W,499.033,139.667,11.201,103.334,0,25.133,0
1992,24,Y,274.2,87.8,5.867,35.8,13.034,30.6,0
1992,26,G,501.167,98.8,1.6,15.167,73.9,7.167,0
1992,26,R,521.133,78.6417,0.075,58.034,19.5,1.033,0
1992,26,W,336.9,86.6667,0.2,47.467,16,22.867,0.133
1992,26,Y,444.5,111.833,0.267,52.367,56.3,2.6,0
1992,28,G,33.983,213.153,2.12,211.033,0,0,0
1992,28,R,6.27,83.2633,83.263,0,0,0,0
1992,28,W,12.183,126.437,126.437,0,0,0,0
1992,28,Y,38.843,164.83,8.163,156.667,0,0,0
1992,35,G,522.8,103.938,0.988,28.84,74.013,0.097,0
1992,35,R,352.933,117.603,1.097,23.78,92.693,0,0
1992,35,W,386.5,122.56,0,18.95,97.034,6.343,0.233
1992,35,Y,517.067,128.34,0.317,44.723,83.3,0,0
1992,39,G,114.267,107.542,48.943,2.567,0.133,55.9,0
1992,39,R,166.267,32.2,31.233,0,0.834,0.133,0
1992,39,W,135.767,68.3667,27.633,0.7,0,40.033,0
1992,39,Y,198.033,39.8,26.767,12.1,0.933,0,0
1992,4,G,183.2,100.1,23.399,76.7,0,0,0
1992,4,R,127.067,106.4,6.167,87.466,12.766,0,0
1992,4,W,271.4,106.9,14.434,14.034,78.433,0,0
1992,4,Y,344.3,166.2,26.166,47.532,92.5,0,0
1992,41,G,78.433,116.315,31.896,27.986,0,56.433,0
1992,41,R,59.233,138.798,61.393,71.039,0,0,6.367
1992,41,W,344.833,152.233,74.634,55.999,0,19.867,1.733
1992,41,Y,253.333,115.367,41.999,70.767,0,2.3,0.3
1992,45,G,355.8,103.4,7.5,88.867,7,0,0.033
1992,45,R,143.567,97.2333,70.867,26.367,0,0,0
1992,45,W,221,91.8333,2.733,89,0,0,0.1
1992,45,Y,335.5,110.933,1.134,102.367,0.367,7,0.067
1992,5,G,356.133,218.6,0.033,124.401,87.7,6.267,0.2
1992,5,R,171.133,99.3,1.066,86.233,7,5,0
1992,5,W,525.6,95.7,0.4,93.834,0,1.467,0
1992,5,Y,492.433,80.2,0.3,79.9,0,0,0
1992,53,G,374.067,80.9333,1.333,74.966,4.633,0,0
1992,53,R,335.8,83.1,0.233,82.866,0,0,0
1992,53,W,655.3,115.826,0.256,115.566,0,0.004,0
1992,53,Y,451.667,121.767,4.2,117.567,0,0,0
1992,70,G,189.633,49.8533,5.466,29.073,1.02,3.863,0
1992,70,R,150.333,55.5677,1.381,54.163,0.023,0,0
1992,70,W,242.7,185.087,39.806,138.307,0,6.973,0
1992,70,Y,269.667,115.111,15.048,84.18,1.22,14.662,0
1992,72,G,406,103.303,14.954,45.487,1.88,24.096,0
1992,72,R,52.667,95.07,15.334,1.673,67.564,0,0
1992,72,W,242.733,107.909,8.526,22.887,59.61,16.86,0
1992,72,Y,446.4,108.215,0.015,98.75,7.263,2.187,0
1992,77,G,280.1,86.7737,7.271,37.426,24.364,17.694,0.019
1992,77,R,332.267,96.0537,1.93,19.133,56.327,0.29,0
1992,77,W,240.467,76.0443,4.232,67.943,3.87,0,0
1992,77,Y,335.8,104.321,0.904,100.21,1.477,1.73,0
1992,LS,G,11.75,55.447,54.85,0.597,0,0,0
1992,LS,R,87.5,63.03,23.191,39.706,0,0,0.133
1992,LS,W,42.26,64.2643,42.568,21.697,0,0,0
1992,LS,Y,441.4,160.997,81.119,79.876,0,0,0
1993,24,G,208.967,118.267,4.934,98.8,0.333,14.2,0
1993,24,R,119.367,37.9457,7.486,27.434,0.127,2.9,0
1993,24,W,215.767,231.015,13.848,97.9,0,119.267,0
1993,24,Y,245.1,78.4333,2.734,38,10.2,27.5,0
1993,26,G,485.267,173.3,5.599,52.166,108.834,5.133,0
1993,26,R,611.233,169.808,0.318,84.423,57.133,27.933,0
1993,26,W,465.433,164.158,0.43,61.4,71.633,30.633,0.061
1993,26,Y,814.9,136.808,0.225,57.483,70.367,6.233,0.967
1993,28,G,110.433,194.895,15.462,178.067,0,0,1.367
1993,28,R,33.267,61.6667,54.434,7.233,0,0,0
1993,28,W,47.733,115.671,71.305,44.367,0,0,0
1993,28,Y,56.7,136.591,45.314,91.278,0,0,0
1993,35,G,225.033,121.467,0,38.333,83.134,0,0
1993,35,R,485.033,112.424,0.02,32.867,78.604,0.933,0
1993,35,W,301.633,122.94,0.014,27.979,76.234,18.714,0
1993,35,Y,375.967,163.933,2.001,92.134,69.8,0,0
1993,39,G,252.467,92.81,50.377,24.833,0.833,14.5,2.267
1993,39,R,165.567,25.8783,9.977,0,3,12.867,0.034
1993,39,W,72.967,97.2806,31.214,1.3,0,64.767,0
1993,39,Y,129.833,101.1,58.604,36.096,0.733,5.667,0
1993,4,G,191.667,152.433,5.767,145.233,0,1.333,0
1993,4,R,116.7,146.938,16.938,94.8,35.2,0,0
1993,4,W,415.933,90.7,2.633,22.9,64.533,0.367,0.267
1993,4,Y,93.7,105.26,26.66,27.533,50.267,0.634,0
1993,41,G,214.9,117.646,26.364,29.234,0.148,13.967,47.934
1993,41,R,175.9,104.871,37.104,66.899,0,0,0.867
1993,41,W,142.467,147.167,70.533,65.067,0,7.633,3.933
1993,41,Y,298.433,97.2333,48.634,37.567,0.1,2.067,8.867
1993,45,G,478.233,176.933,10.034,147.767,16.433,0.333,2.367
1993,45,R,131.7,76.0333,32.067,37.1,0,6.867,0
1993,45,W,287.567,197.633,3.1,170.867,3.633,11.733,8.3
1993,45,Y,198.867,237.533,0.933,156.466,0,78.633,1.5
1993,5,G,412.567,136.386,4.954,81.699,22.933,0.567,26.233
1993,5,R,211.833,85.7667,2.267,71.966,3.9,7.633,0
1993,5,W,324.967,160.444,2.944,146.067,0,11.433,0
1993,5,Y,398.567,199.233,5.366,185.7,0,0,8.167
1993,53,G,233.667,141.833,5.467,133.066,3.3,0,0
1993,53,R,169.833,107.067,3.033,104.033,0,0,0
1993,53,W,285.633,172.097,0.971,170.167,0,0.867,0
1993,53,Y,174.3,174.2,16.4,157.8,0,0,0
1993,70,G,59.333,86.7,4.301,14.234,7.333,51.167,9.667
1993,70,R,128.9,107.733,3.034,103.267,0,1.433,0
1993,70,W,218.6,126.567,13.667,105.066,0,7.833,0
1993,70,Y,225.467,134.633,15.533,91.833,11.934,15.268,0.067
1993,72,G,243.7,131.6,2.233,85.433,9.2,10.833,0
1993,72,R,165.533,127,2.333,27.833,90.2,0.833,0
1993,72,W,242.7,164.433,15.334,92.165,49.434,7.5,0
1993,72,Y,293.833,81.2667,2.967,64.567,11.934,1.8,0
1993,77,G,202.833,151.8,23.501,47.267,52.467,28.566,0
1993,77,R,373.1,217.033,17.566,29.8,167.3,0.233,0
1993,77,W,154.867,75.2667,7.101,54.7,13.333,0.033,0
1993,77,Y,235.033,124.1,6.367,70.134,23.6,24,0
1993,LS,G,11.533,54.2667,15.567,38.6,0.1,0,0
1993,LS,R,76.467,121.29,3.821,117.466,0,0,0
1993,LS,W,24.667,82.4917,3.558,78.933,0,0,0
1993,LS,Y,273.733,123.667,38.934,84.733,0,0,0
1994,24,G,286.767,102.1,3.8,79.6,0,18.7,0
1994,24,R,29.167,43.2667,10.1,18.867,10.7,3.6,0
1994,24,W,352.233,112.667,5.3,94.367,0.167,12.8,0
1994,24,Y,295.897,100.567,0.766,33.1,59.3,7.4,0
1994,26,G,445.567,128.007,2.233,59.167,65.733,0.174,0
1994,26,R,483.267,152.138,0.97,99.996,47.12,2.458,1.593
1994,26,W,403.1,114.643,0,64.8,42.567,7.277,0
1994,26,Y,511.733,127.567,0,62.834,58.367,3.733,0
1994,28,G,148.567,138.567,4.2,104.433,0,0,29.933
1994,28,R,21.867,95.9167,79.567,16.333,0.017,0,0
1994,28,W,45.933,132.187,25.987,76.9,0.134,29.167,0
1994,28,Y,133.067,130.448,0.898,124.463,0.757,4.33,0
1994,35,G,333.167,145.37,0,54.977,90.393,0,0
1994,35,R,292,153.65,0,66.39,87.117,0.143,0
1994,35,W,290.167,184.003,3.037,33.296,128.356,19.314,0
1994,35,Y,390.433,166.803,0.07,92.1,74.634,0,0
1994,39,G,136.333,60.7913,32.264,7.567,0.293,17.666,3
1994,39,R,48.067,86.4483,37.634,0,0,48.813,0
1994,39,W,50.533,39.6367,1.761,2.942,0,34.934,0
1994,39,Y,147.233,65.0937,15.659,12.133,0,37.3,0
1994,4,G,283.1,136.803,12.501,124.303,0,0,0
1994,4,R,252,87.0373,19.745,22.323,42.193,2.776,0
1994,4,W,226.7,66.3767,3.637,7.663,41.367,13.71,0
1994,4,Y,273.2,183.84,32.842,58.893,85.337,6.767,0
1994,41,G,104.3,104.133,6.367,84.833,0,4.8,8.134
1994,41,R,82.3,75.7563,10.119,63.617,2.02,0,0
1994,41,W,167.433,121.22,33.027,81.133,0,6.493,0.567
1994,41,Y,68.233,54.7123,23.07,31.173,0,0.307,0.163
1994,45,G,164.833,83.29,2.74,55.56,22.297,2.354,0.34
1994,45,R,63.333,115.293,4.903,15.184,0,93.9,1.307
1994,45,W,168.467,73.435,6.346,56.321,0,10.753,0.015
1994,45,Y,231.033,136.153,0.146,105.626,0,30.09,0.29
1994,5,G,560.5,162.073,0.05,69.956,90.2,1.866,0
1994,5,R,220.4,92.6213,2.234,76.1,0.288,14,0
1994,5,W,294.767,109.5,1.856,103.03,0.064,4.55,0
1994,5,Y,412.633,122.424,0.388,122.037,0,0,0
1994,53,G,291.1,134.441,21.174,111.234,2.033,0,0
1994,53,R,315.233,115.892,0.593,114.633,0.667,0,0
1994,53,W,352.333,196,0.467,195.1,0,0.433,0
1994,53,Y,291.433,187.267,0.1,187.166,0,0,0
1994,70,G,95.233,67.3667,4.633,16.467,7.667,31.467,0.267
1994,70,R,261.733,93.88,0.177,88.493,1.067,4.143,0
1994,70,W,110.5,111.067,1.2,109.333,0,0.533,0
1994,70,Y,178.233,144.361,17.462,41.367,37.533,47.999,0
1994,72,G,268.867,133.074,5.008,105.267,9.167,2,0
1994,72,R,195.133,118.283,0,16.503,90.994,2.201,0
1994,72,W,417.333,137.433,0.483,70.391,56.24,10.32,0
1994,72,Y,321.333,100.887,0,54.393,20.71,1.284,24.5
1994,77,G,90.667,146.28,32.599,20.673,43.9,15.907,0
1994,77,R,236.233,131.793,18.373,13.946,92.133,0.143,0.92
1994,77,W,134.833,100.304,0.058,50.944,49.304,0,0
1994,77,Y,150.7,87.7067,3.013,64.304,15.03,1.45,0
1994,LS,G,38.467,69.8667,1.834,67.833,0.2,0,0
1994,LS,R,137.467,77.222,10.422,63.133,3.666,0,0
1994,LS,W,32.127,62.3967,21.696,14.317,2.117,0,24.267
1994,LS,Y,180.767,115.93,5.41,110.52,0,0,0
1995,24,G,266.033,100.679,1.464,72.216,10.8,16.2,0
1995,24,R,106.7,76.0203,1.688,38.101,34.933,1.3,0
1995,24,W,363.8,105.347,7.736,96.5,0,1.109,0
1995,24,Y,352.433,159.842,0.013,53.333,103.667,2.829,0
1995,26,G,388.1,206.58,0.007,93.833,112.4,0.34,0
1995,26,R,372.467,203.111,0.138,156.866,40.533,5.572,0
1995,26,W,310.233,160.297,0.031,85.201,73.9,1.167,0
1995,26,Y,135.667,171.1,5.333,66.9,98.867,0,0
1995,28,G,317.433,128.247,0.798,127.448,0,0,0
1995,28,R,35.133,79.4827,57.261,20.767,0,1.455,0
1995,28,W,232.4,160.318,2.808,157.033,0.476,0,0
1995,28,Y,205.533,138.423,1.367,137.056,0,0,0
1995,35,G,386.333,177.967,0,52.867,125.1,0,0
1995,35,R,391.333,174.081,0,67.533,105.067,1.481,0
1995,35,W,358.6,216.287,0,50.866,152.934,3.854,8.633
1995,35,Y,644.167,226.809,0.296,137.566,88.933,0.012,0
1995,39,G,150.567,127.804,37.857,40.633,0.367,14.681,34.267
1995,39,R,99.933,50.5343,14.568,9.567,5.1,21.301,0
1995,39,W,110.2,74.7233,20.935,16.655,1.633,35.5,0
1995,39,Y,298.567,238.712,9.413,29.434,3.167,167.833,28.867
1995,4,G,440.067,208.709,0.828,207.881,0,0,0
1995,4,R,459.133,267.239,7.734,29.1,225.533,4.871,0
1995,4,W,258.667,113.748,2.44,0.909,66.2,44.2,0
1995,4,Y,514.867,156.661,2.647,102.779,51.233,0,0
1995,41,G,251.333,128.808,8.617,93.834,0.357,6.333,19.667
1995,41,R,234.233,125.951,3.022,121.508,1.421,0,0
1995,41,W,249.133,177.695,35.067,133.233,0,9.396,0
1995,41,Y,181.567,110.248,71.87,37.089,0.444,0.708,0.138
1995,45,G,399.1,151.381,2.164,75.066,60.7,0.15,13.3
1995,45,R,100.967,126.368,18.736,53.3,0,51.467,2.867
1995,45,W,331.433,119.299,6.668,84.867,1.133,24.765,1.867
1995,45,Y,324.3,167.208,1.108,132.534,5.067,24.8,3.7
1995,5,G,543.167,195.984,0.013,79.767,115.533,0.626,0.044
1995,5,R,397.233,143.634,6.941,121.397,8.133,7.162,0
1995,5,W,465.333,200.608,1.063,196.267,0.045,3.232,0
1995,5,Y,471.3,203.122,10.578,192.467,0,0,0.078
1995,53,G,545.633,157.514,4.381,150.9,2.233,0,0
1995,53,R,236.367,126.779,3.849,122.133,0.796,0,0
1995,53,W,567.967,225.696,3.217,222.467,0,0,0
1995,53,Y,420.067,204.4,2.8,201.6,0,0,0
1995,70,G,171.433,155.76,3.149,66.5,4.6,1.511,0
1995,70,R,341.367,93.49,2.374,87.033,4.033,0.049,0
1995,70,W,360.2,167.861,14.37,149.868,0.143,3.481,0
1995,70,Y,276.1,180.165,7.229,80.812,58.034,33.523,0
1995,72,G,365.467,184.667,0,136.299,25.6,6.4,0
1995,72,R,323.033,58.8607,0.249,30.717,24.4,0.74,0
1995,72,W,466.3,161.788,3.19,65.732,69.833,23.034,0
1995,72,Y,461.9,137.264,1.9,63.034,47.733,5.411,17.867
1995,77,G,242.8,243.816,7.714,37.63,102.372,2.067,0
1995,77,R,267.7,181.831,5.151,23.044,153.126,0.258,0
1995,77,W,233.867,181.673,1.478,82.2,96.795,1.202,0
1995,77,Y,159.3,138.827,1.458,91.701,38.647,5.822,0
1995,LS,G,74.6,38.5,18.133,16.4,3.967,0,0
1995,LS,R,59.3,37.559,29.845,5.893,1.806,0.017,0
1995,LS,W,21.133,24.1843,20.433,3.751,0,0,0
1995,LS,Y,269.5,140.454,6.863,133.589,0,0.002,0
1996,24,G,211.133,103.067,18.9,65.967,7.3,10.9,0
1996,24,R,120.1,120.83,0.163,43.134,73.1,4.433,0
1996,24,W,229.267,113.03,1.963,79.033,19.067,12.967,0
1996,24,Y,230.2,135.053,0.53,53.823,80.233,0.467,0
1996,26,G,452.5,188.65,0,89.983,98.667,0,0
1996,26,R,318.8,139.01,2.34,117.967,14.3,4.403,0
1996,26,W,293,105.45,0,51.8,52.867,0.783,0
1996,26,Y,668.033,127.33,0,87.93,33.533,3.366,0.467
1996,28,G,230.567,75.32,8.409,65.043,0,0,1.867
1996,28,R,58.133,30.8033,11.634,19.1,0.07,0,0
1996,28,W,107.3,140.363,4.047,116.867,0.283,19.167,0
1996,28,Y,187.333,88.55,0,88.533,0.017,0,0
1996,35,G,321.167,188.073,0,43.907,144.166,0,0
1996,35,R,172.233,117.967,0,35.2,81.066,1.7,0
1996,35,W,384.1,217.26,0,45.743,171.266,0.25,0
1996,35,Y,331.367,191.25,0.217,122.7,68.333,0,0
1996,39,G,80.633,61.6133,28.794,18.574,10.26,3.367,0.607
1996,39,R,166.767,24.87,6.889,0.47,1.143,16.367,0
1996,39,W,124.167,62.6733,20.144,16.9,0,22.833,0
1996,39,Y,73.033,44.8133,24.258,17.61,2.4,0.547,0
1996,4,G,289.933,165.417,0.06,134.1,0,31.256,0
1996,4,R,351.567,176.497,13.652,33.766,128.89,0.187,0
1996,4,W,245.633,111.713,0,4.246,79.1,28.367,0
1996,4,Y,286.833,219.08,0.28,121.567,97.234,0,0
1996,41,G,403.267,154.363,0.13,152.7,0,1.534,0
1996,41,R,328.767,136.02,0.013,108.6,0,27.367,0.04
1996,41,W,171.2,150.78,14.38,118.366,0,17.167,0.867
1996,41,Y,72.4,68.1467,12.537,55.3,0,0,0.31
1996,45,G,224.233,141.28,4.353,102.467,27.2,4.627,2.633
1996,45,R,60.433,40.9767,5.344,26.034,0,8.633,0.967
1996,45,W,222.367,78.73,1.8,69.634,0.183,7.057,0
1996,45,Y,280.767,80.3433,0.077,79.8,0,0.467,0
1996,5,G,389.567,124.067,0.667,71.066,49.367,2.967,0
1996,5,R,227.967,130.717,0.627,113.09,5.167,11.834,0
1996,5,W,1053.2,165.79,0.844,156.366,0,8.58,0
1996,5,Y,399.333,158.633,1.4,157.233,0,0,0
1996,53,G,464.467,131.567,4.633,126.933,0,0,0
1996,53,R,179.667,122.467,3.467,118.133,0.867,0,0
1996,53,W,261.867,146.007,0.374,145.634,0,0,0
1996,53,Y,331.167,143.99,0.67,143.3,0.02,0,0
1996,70,R,132.667,68.6667,0,68.334,0.333,0,0
1996,70,W,199.267,112.253,3.034,107.001,0.467,1.753,0
1996,70,Y,124.967,197.7,1.967,64.634,86.867,43.064,0
1996,72,G,334.667,200.833,0.4,98.467,32.866,2.4,0
1996,72,R,138.6,149.987,0.2,35.789,93.63,2.4,0
1996,72,W,246.667,118.45,0.177,22.85,95.314,0.11,0
1996,72,Y,332.2,161.933,0,94.033,44.9,3.533,18.267
1996,77,G,289.133,187.673,18.287,43.066,89.533,36.5,0
1996,77,R,207.6,174.477,0.084,32.983,137.5,0.01,0
1996,77,W,236.667,77.6433,4.1,58.066,15.434,0.03,0
1996,77,Y,201.033,180.133,2.857,136.306,39.801,0.07,0
1996,LS,G,18.467,69.9333,6.733,63.2,0,0,0
1996,LS,R,49.767,32.76,21.744,10.667,0.35,0,0
1996,LS,W,9.133,37.3933,30.134,2.717,0.877,3.667,0
1996,LS,Y,262.233,170.153,5.152,143.5,21.5,0,0
1997,24,G,218.267,87.4,44.933,36.467,0,5.5,0
1997,24,R,118.133,30.8333,0.133,18.7,5.733,6.266,0
1997,24,W,334.567,61.5,0.067,33.933,7.6,19.9,0
1997,24,Y,343.8,112.667,0.033,28.466,84.167,0,0
1997,26,G,375.8,130.333,0,37.533,92.067,0.033,0
1997,26,R,436.433,82.4333,0.167,70.233,8.767,3.266,0
1997,26,W,465.467,122.8,0.3,52.199,67.633,2.667,0
1997,26,Y,500.633,93,0,70.767,19.966,0.867,0
1997,28,G,155.433,80.7,0,80.667,0,0,0
1997,28,R,65.033,94.1,19.266,52.367,0,22.467,0
1997,28,W,30.6,57.0333,31.634,24.3,0,1.1,0
1997,28,Y,130.633,68,3.033,63.966,0,0,1
1997,35,G,375.033,184.4,0,13.333,170.734,0.333,0
1997,35,R,238.1,112.537,0,22.563,89.5,0.433,0
1997,35,W,552.433,146.603,0,39.803,104.567,2.233,0
1997,35,Y,411.367,362.753,0.02,263.433,99.267,0,0
1997,39,G,164.3,63.5,31.032,28,0.467,4.001,0
1997,39,R,86.433,29.0333,9.134,0.533,0.133,19.233,0
1997,39,W,47,55.4667,42.167,1.1,0,11.467,0
1997,39,Y,109.933,65.7667,19.067,2.2,3.9,40.6,0
1997,4,G,359.833,106.9,0.233,84.633,11.867,10.167,0
1997,4,R,246.833,113.833,3.5,38.033,72.3,0,0
1997,4,W,121.333,64.2667,0,2.834,31.5,29.933,0
1997,4,Y,440.4,114.593,0.16,76.167,38.267,0,0
1997,41,G,336.733,85.92,0.033,82.533,0,0.02,3.333
1997,41,R,218.267,87.33,0.037,86.6,0.157,0,0.533
1997,41,W,357.733,144.873,0.8,103.467,0,0,40.467
1997,41,Y,112.867,83.03,32.096,50.533,0,0.367,0.033
1997,45,G,429.967,112.553,3.453,60.567,14.4,29.034,5.1
1997,45,R,60.767,40.8,8.366,24.066,0,3.133,5.233
1997,45,W,227.033,73.1133,0.413,44.8,5.467,1.866,20.567
1997,45,Y,192.867,62.2067,4.233,55.3,0,0.333,2.333
1997,5,G,253.233,124.37,0,24.3,84.5,8.667,6.9
1997,5,R,195.3,119.567,0.133,62.067,54.367,3,0
1997,5,W,425,107.167,0.2,91.133,0,15.833,0
1997,5,Y,118.3,115.763,0.03,104.733,0.2,10.367,0.433
1997,53,G,356.667,93.7767,4.27,88.6,0.6,0.3,0
1997,53,R,341.033,78.4133,0.17,75.967,2.276,0,0
1997,53,W,338.4,120.003,0.236,119.566,0.2,0,0
1997,53,Y,537.833,92.56,0.017,90.967,1.567,0,0
1997,70,G,97.467,57.8333,0.134,21.2,1.6,0.867,0
1997,70,R,190,38.7,0.133,38.5,0.067,0,0
1997,70,W,262.933,87.3133,3.734,74.967,0,8.613,0
1997,70,Y,379.567,138.967,1.027,39.799,72.266,25.833,0.04
1997,72,G,288.233,83.3667,0,43.2,8.133,8.166,0
1997,72,R,218.133,63.1333,1.966,18.433,41.133,0.2,0
1997,72,W,387.8,122.463,0.003,5.094,97.833,5.067,0
1997,72,Y,275.5,143.9,0,21.8,96.867,1,22.067
1997,77,G,499.467,376.617,1.366,18.1,115.833,4.017,0.133
1997,77,R,327.067,87.43,0.327,8.003,70.5,0.8,2.4
1997,77,W,466.167,56.4567,1.524,24.1,29.833,0,0
1997,77,Y,456.933,117.073,0.433,62.1,53.566,0.967,0
1997,LS,G,106.633,53.7167,22.366,28.567,0,0.05,2.733
1997,LS,R,28.867,94.5233,75.834,18.133,0.033,0.5,0.023
1997,LS,W,27.067,127.933,126.234,0.567,0.5,0,0
1997,LS,Y,26.167,37.2667,30.167,0,7.1,0,0
1998,24,G,289.933,74.4667,15.199,21.333,7.933,30,0
1998,24,R,109.767,20.3333,0,7.3,11.433,1.6,0
1998,24,W,428.1,150.407,1.34,43.7,72.533,32.833,0
1998,24,Y,564.6,143.1,0,48.8,92.933,1.367,0
1998,26,G,469.133,145.9,0,32.834,96.099,2.134,0.733
1998,26,R,476.2,241.633,4.1,173.4,48,16.133,0
1998,26,W,700.233,157.233,0,36.133,115.233,5.866,0
1998,26,Y,750.6,152.4,0,70.333,73.767,1.6,0
1998,28,G,134.933,98.8,6.5,92.133,0.167,0,0
1998,28,R,81.9,136.967,58.5,78.334,0.133,0,0
1998,28,W,60.967,43.67,39.803,2.067,0,1.8,0
1998,28,Y,64.4,96.9233,29.666,67.256,0,0,0
1998,35,G,349.8,83.9667,0,22.2,61.766,0,0
1998,35,R,340.733,158.1,0,32.301,124.167,1.633,0
1998,35,W,567.6,115.9,0,31.333,83,1.567,0
1998,35,Y,331.967,120.033,0,44.6,75.433,0,0
1998,39,G,87.1,84.7667,36.466,35.567,0,12.733,0
1998,39,R,126.533,42.3,21.233,0,3.4,17.566,0.1
1998,39,W,37.433,67.3667,43.866,6.067,0,17.434,0
1998,39,Y,146.167,61.8333,17.234,9.566,1.633,31.9,1.5
1998,4,G,268.7,145.867,0,138.333,0,7.533,0
1998,4,R,326.633,111.367,3.167,53.1,55.1,0,0
1998,4,W,65.6,164.5,5.3,5.366,115.533,38.3,0
1998,4,Y,105.067,112.533,1.899,73.933,36.367,0.334,0
1998,41,G,350.933,86.4667,0,85.766,0,0.7,0
1998,41,R,342.167,80.7667,0.4,80.033,0,0.1,0.233
1998,41,W,372.233,109.2,1.8,104.5,0.467,0.133,2.3
1998,41,Y,165.933,98.9,10.167,87.834,0.9,0,0
1998,45,G,318.9,260.62,3.82,55.567,153.2,47.467,0.567
1998,45,R,162.633,52.9667,10.032,30,6.967,5.967,0
1998,45,W,216.333,81.7333,1.1,74.034,4.034,2.267,0
1998,45,Y,228.167,127.033,2.7,109.433,0,14.9,0
1998,5,G,291.8,169.833,0.033,52.634,48.8,68.233,0.133
1998,5,R,357,119.667,0.833,92.766,0.067,26,0
1998,5,W,379.5,140.233,3,67.033,53.867,16.333,0
1998,5,Y,738.4,129.64,0,30.967,95.7,2.967,0.007
1998,53,G,532.533,168.25,1.35,158.5,0,8.367,0
1998,53,R,329.4,124.167,3.633,117.534,3,0,0
1998,53,W,386.2,165.887,0.02,164.8,1.067,0,0
1998,53,Y,474.3,146.567,0.867,145.7,0,0,0
1998,70,G,298.467,152.347,0.733,11.601,100.734,37.679,0
1998,70,R,216.067,82.8333,2.633,61,0,19.2,0
1998,70,W,165.5,57.9,4.8,51.8,1.3,0,0
1998,70,Y,268.733,182.733,0.167,31.734,2.9,2.333,0
1998,72,G,207.6,108.333,0,46.934,28.7,20.867,0
1998,72,R,262.833,117.133,0,10.167,96.334,0,0
1998,72,W,162.867,29.9333,1.133,0,23.533,5.267,0
1998,72,Y,210.867,121.633,0,5.533,45.733,8.9,59.567
1998,77,G,342.667,108.23,0.197,15.733,59.234,32.4,0
1998,77,R,284.867,125.16,8.427,15.4,99.7,1.633,0
1998,77,W,325.1,146.433,3.033,20.567,117.767,0.033,0
1998,77,Y,346.933,191.9,0.7,106.201,51.133,0.933,0
1998,LS,G,24.2,33.0333,32.734,0.033,0.267,0,0
1998,LS,R,26,48.8867,48.7,0.007,0.18,0,0
1998,LS,W,60.8,64.57,41.7,22.833,0,0.037,0
1998,LS,Y,191.533,129.233,59.5,68.433,0,1.3,0
1999,24,G,78.9,166.683,58.524,74.734,0,33.394,0.033
1999,24,R,37.633,33.1667,0,6.767,21.4,5,0
1999,24,W,347.7,106.197,0.03,30.8,61.833,13.533,0
1999,24,Y,320.6,105.237,0,33.533,71.433,0.2,0
1999,26,G,246.6,202.09,0.244,55.066,144.8,1.98,0
1999,26,R,340.067,187,1.4,142.7,31.533,11.367,0
1999,26,W,544.133,106.633,0.567,36.433,58.7,10.933,0
1999,26,Y,976.967,133.293,0,96.226,28.734,6.367,0
1999,28,G,158.433,195.727,20.763,174.697,0,0,0.267
1999,28,R,23.667,72.2933,15.393,56.9,0,0,0
1999,28,W,99.7,120.457,14.32,104.933,0.237,0.967,0
1999,28,Y,139.3,104.033,8.534,94.733,0.767,0,0
1999,35,G,194.767,129,0,12.9,116.1,0,0
1999,35,R,125.9,144.66,0.197,38.43,106.034,0,0
1999,35,W,480.1,183.567,0,45.333,137.467,0.767,0
1999,35,Y,669.867,238.067,0.2,75.367,162.5,0,0
1999,39,G,80.633,93.6,4.02,78.567,0,0.047,10.967
1999,39,R,485.167,39.41,9.369,1.9,6.297,21.8,0.043
1999,39,W,200.6,57.5,14.074,1.333,0.45,41.467,0.177
1999,39,Y,45.767,103.67,9.896,20.34,0,54.334,19.1
1999,4,G,409.733,220.21,1.203,215.166,0.09,3.733,0
1999,4,R,534.6,156.86,2.384,46.91,57.367,50.2,0
1999,4,W,130.933,108.383,0.804,23.841,71.533,12.207,0
1999,4,Y,335.033,149.89,0.731,113.893,30.267,5,0
1999,41,G,296.067,180.123,2.487,177.27,0,0,0.367
1999,41,R,196.1,152.49,2.013,128.267,0.043,0,22.167
1999,41,W,588.667,143.337,2.883,138.5,1.16,0.287,0.507
1999,41,Y,115.433,145.383,22.949,98.634,0,10.333,13.467
1999,45,G,464.767,171.063,11.786,80.933,68.467,9.64,0.227
1999,45,R,76.1,48.23,14.679,18.96,3.39,5.733,5.467
1999,45,W,126,91.2567,6.623,51.4,18.767,10.767,3.7
1999,45,Y,284.333,147.367,1.067,113.3,0,27.533,5.467
1999,5,G,443.467,138.513,2.514,46.6,86.5,2.9,0
1999,5,R,354.533,164.477,0,79.32,76.5,8.656,0
1999,5,W,339.233,168.27,0.137,145.566,1.1,21.466,0
1999,5,Y,272.1,257.42,0.1,165.7,0,91.3,0.32
1999,53,G,338.867,206.433,3.034,168.933,7.7,26.767,0
1999,53,R,260.733,123.217,1.96,120.433,0.823,0,0
1999,53,W,352.133,286.6,0.2,282.134,4.267,0,0
1999,53,Y,280.467,163.533,4.967,158.267,0,0.3,0
1999,70,G,99.867,171.14,5.687,26.134,5.733,0.754,13.733
1999,70,R,197.6,88.11,4.973,82.334,0.743,0.06,0
1999,70,W,166,97.6767,2.026,59.677,4.839,31.133,0
1999,70,Y,468.4,177.65,0.05,10.6,126.833,39.844,0
1999,72,G,296.967,119.187,11.477,64.5,37.367,1.643,0
1999,72,R,228.5,133.7,0,28.766,87.567,0.467,0
1999,72,W,185.167,51.4833,7.076,12.74,28.366,3.3,0
1999,72,Y,149.833,100.337,0.337,12.4,83.866,3.733,0
1999,77,G,388.533,95.4,3.7,16.6,64.367,9.633,0
1999,77,R,338.333,197.56,0,21.8,155.607,0.353,0
1999,77,W,324,289.087,0.406,19.567,269.034,0,0
1999,77,Y,467.467,223.703,7.996,151.777,53.599,10.33,0
1999,LS,G,24.667,39.58,26.014,13.344,0.223,0,0
1999,LS,R,141.9,52.61,46.321,4.066,2.033,0.05,0
1999,LS,W,19.3,66.4167,20.386,46.001,0.03,0,0
1999,LS,Y,372.3,195.897,30.761,165.136,0,0,0
2000,24,G,148.833,79.8333,26.301,41.466,2.933,8,1.133
2000,24,R,119.033,63.9,0.167,10.467,50.634,2.633,0
2000,24,W,492.633,231.813,0.513,67.766,143.633,19.9,0
2000,24,Y,427.733,122.733,0,69.5,52.9,0.333,0
2000,26,G,375.567,139.067,0,56.667,81.966,0.433,0
2000,26,R,279.067,193.167,0.366,152.967,32.9,6.933,0
2000,26,W,358.933,96.1,0,35.966,51.801,6.367,1.633
2000,26,Y,1001.17,114.833,0,73.2,0.667,20.5,0
2000,28,G,107.867,94.6333,0.633,91.867,2.133,0,0
2000,28,R,60.033,67.12,24.953,39.333,1,1.833,0
2000,28,W,48.167,72.8333,2.133,48.433,0.067,22.2,0
2000,28,Y,106.367,41.9,8.367,33.533,0,0,0
2000,35,G,297.8,192.8,0,43.8,149,0,0
2000,35,R,161.667,102.963,0.023,54.533,48.199,0.107,0
2000,35,W,505.433,130.433,0,57.7,72.733,0,0
2000,35,Y,406.4,149.667,0,67.6,82.066,0,0
2000,39,G,94.433,63.37,5.7,49.733,0.137,0,7.8
2000,39,R,47.233,32.1267,9.26,10.7,0,12.067,0.1
2000,39,W,35,27.9,11.268,12.234,1.8,2.599,0
2000,39,Y,14.733,13.3333,8.768,3.933,0.233,0.4,0
2000,4,G,443.633,143.3,2.367,116.633,9.533,14.767,0
2000,4,R,448.667,150.833,8.999,72,63.266,5.634,0
2000,4,W,151.833,90.6333,0.4,32.9,43.5,13.833,0
2000,4,Y,387.633,170.367,0.033,108.6,59.166,2.567,0
2000,41,G,342.8,86.3833,0.2,83.501,0,2.367,0.267
2000,41,R,459.967,137.077,0.01,137.034,0.033,0,0
2000,41,W,357.067,112.1,1.434,96.567,5.7,4.433,3.967
2000,41,Y,150.967,69.8733,7.807,53.834,7,1.233,0
2000,45,G,263.767,143.8,42.733,60.7,31.733,7.467,1.167
2000,45,R,33.9,52.5667,15.467,35.533,0,1.567,0
2000,45,W,149.9,107.05,12.25,39.2,1.867,8.8,44.933
2000,45,Y,258.6,104.967,8.301,84.1,0,11.733,0.833
2000,5,G,365.533,163.433,4.333,98.6,45.033,15.1,0.3
2000,5,R,374.567,115,0.167,88.034,20.766,6.034,0
2000,5,W,338.833,139.667,0,132.366,1.367,5.834,0
2000,5,Y,170.333,125.903,2.437,48.833,0,74.2,0.433
2000,53,G,217.967,109.133,4.833,97,0,7.3,0
2000,53,R,147.467,77.9933,6.961,68.8,2.233,0,0
2000,53,W,459.133,122.27,0.003,119.867,2.4,0,0
2000,53,Y,311.933,111.233,2.867,108.367,0,0,0
2000,70,G,131.067,106.133,8.467,33.767,0.367,5.933,0
2000,70,R,117.333,47.5,1,45.3,0.033,1.166,0
2000,70,W,150.4,62.1333,1.8,42.1,0.2,18.034,0
2000,70,Y,393.433,132.8,0.1,8.133,67.667,49.167,0
2000,72,G,357.267,141.133,4.533,96.199,13.833,2.166,0
2000,72,R,259.233,108.233,0,18.633,75.701,0.266,0
2000,72,W,59.133,72.9667,7.5,25.966,33.566,5.933,0
2000,72,Y,372.967,134.433,3.667,20.567,96.899,13.3,0
2000,77,G,476.7,144.067,2.533,33.334,96.533,11.667,0
2000,77,R,233.867,183.633,2.967,24.033,129.5,5.767,1.567
2000,77,W,122,109.103,3.67,31.3,73.633,0.5,0
2000,77,Y,309.433,148.6,9.233,84.166,54.467,0,0
2000,LS,G,34.2,60,17.899,30.033,6.901,5.167,0
2000,LS,R,26.3,35.0067,13.432,7.867,13.667,0,0
2000,LS,W,31.967,37.9,13.532,23.134,1.166,0,0
2000,LS,Y,241.033,126.567,18.634,107.733,0.2,0,0
2001,10,G,442.267,18.2333,18.234,0,0,0,0
2001,10,R,365.833,66.9267,43.793,23.133,0,0,0
2001,10,W,440.933,104.6,45.866,58.733,0,0,0
2001,10,Y,312.333,17.0333,2.434,14.6,0,0,0
2001,24,G,362.5,90.7,10.767,71.867,2.1,5.967,0
2001,24,R,92.333,52.5067,2.007,14.4,33.9,2.2,0
2001,24,W,581.033,160.213,1.247,50.833,92.233,15.901,0
2001,24,Y,664.2,141.4,0,82.633,54.367,4.4,0
2001,26,G,264.767,160.3,0,32.267,125.634,0.733,0
2001,26,R,350,188.867,3.067,167.4,14.133,4.267,0
2001,26,W,436.667,71.8667,0,33.767,31.5,4.734,0
2001,26,Y,520,51.7867,2.1,15.934,0,32.366,0
2001,28,G,52.667,69.2667,51.9,17.367,0,0,0
2001,28,R,43.333,70.0667,0.234,60.467,0,9.367,0
2001,28,W,83.433,89.5,16.233,59,0.033,14.233,0
2001,28,Y,89.533,100.533,9.433,90.9,0,0,0.2
2001,35,G,397.567,98.7,0,13.367,85.334,0,0
2001,35,R,221.133,57.1667,0,18.633,38.534,0,0
2001,35,W,463.8,142.833,0,34.433,108.399,0,0
2001,35,Y,155.567,222.067,0,83.3,138.767,0,0
2001,39,G,92.167,91.8333,0,79,0,0,12.833
2001,39,R,125.3,58.3333,2.301,9.633,1.033,33.767,11.6
2001,39,W,208.933,95.6,3.667,44.966,6.733,24.933,8.933
2001,39,Y,10.467,59.3333,10,33.8,4.666,10.867,0
2001,4,G,221.867,152.433,1.266,142.867,0,8.3,0
2001,4,R,119.133,167.393,7.194,87.433,70.333,2.433,0
2001,4,W,176.033,142.033,1.233,49.333,82.4,9.067,0
2001,4,Y,347.033,192.167,0,93.266,94.667,4.233,0
2001,41,G,163.933,85.8333,0,79.933,0.333,5.567,0
2001,41,R,89.267,128.233,0.7,125.6,0.2,0,1.733
2001,41,W,310.733,88.4433,3.467,73.867,10.333,0,0.733
2001,41,Y,104.333,66.9,14.267,40.7,11.1,0,0.833
2001,45,G,265.367,92.4667,13.333,54.633,24.433,0.067,0
2001,45,R,21.7,53.56,12.994,38.699,0.3,1.567,0
2001,45,W,231.133,56.3667,1.2,45.633,3.033,5.366,1.133
2001,45,Y,263.333,103.867,0.533,89.433,0.2,12.167,1.533
2001,5,G,417.1,104.867,4.767,42.134,54.6,2.8,0.567
2001,5,R,282.8,168.267,0,69.367,97.733,1.167,0
2001,5,W,209.667,111.367,2.534,106.467,0,2.367,0
2001,5,Y,297.567,138.9,0,134.633,0,0,4.267
2001,53,G,153.967,185.7,49.433,72,0,64.267,0
2001,53,R,90.933,92.9667,6.533,82.133,0,4.3,0
2001,53,W,291.133,120.167,9.2,109.5,1.467,0,0
2001,53,Y,322.9,90,2.267,87.733,0,0,0
2001,70,G,125.767,39.8667,0,9.766,0,0.067,0
2001,70,R,111,50.4667,0,50.467,0,0,0
2001,70,W,91.433,105.733,12.233,55.367,2.8,35.333,0
2001,70,Y,262.667,105.2,0.4,10.434,76.933,17.434,0
2001,72,G,505.867,256.92,0,25.566,227.4,1.853,2.1
2001,72,R,78.2,91.7,1.067,36.533,13.9,39.167,0
2001,72,W,274.367,65.1,3.033,14.667,45.267,2.134,0
2001,72,Y,222.567,51.5933,3.26,12.034,33.7,2.6,0
2001,77,G,475.767,85.6333,0,17.367,57.333,10.534,0
2001,77,R,358.267,164.733,3.167,13.133,138.4,0,2.033
2001,77,W,279.8,141.1,4.499,11.066,124.666,0.867,0
2001,77,Y,223.6,185.567,0.733,109.6,64.633,3.9,0
2001,LS,G,0,75.8667,6.033,0.533,69.3,0,0
2001,LS,R,0.067,64.6333,26.433,1.233,36.967,0,0
2001,LS,W,40.1,47.5333,34.666,7.8,5.067,0,0
2001,LS,Y,259.1,204.9,3.6,188.7,12.6,0,0
2002,10,G,274.067,86.3,36.27,46.7,0,3.33,0
2002,10,R,326.567,75.7167,20.461,48.274,0,0,6.983
2002,10,W,662.7,116.873,29.475,87.4,0,0,0
2002,10,Y,381.567,87.6867,17.572,70.114,0,0,0
2002,24,G,49.4,107.323,32.39,38.433,5.333,19.767,11.4
2002,24,R,129.633,114.747,2.493,23.967,74.487,13.8,0
2002,24,W,287.333,152.323,10.463,80.817,45.333,15.71,0
2002,24,Y,546.233,107.35,0.233,90.3,15.873,0.943,0
2002,26,G,233.6,197.88,0.18,60.997,103.466,33.236,0
2002,26,R,301.733,191.07,2.31,174.333,8.127,6.3,0
2002,26,W,342.933,131.757,0.197,77.56,25.2,11.766,0
2002,26,Y,1063.37,113.033,69.526,19.214,1.897,17.863,0
2002,28,G,46.633,122.733,53.401,69.333,0,0,0
2002,28,R,47.667,63.9067,11.4,50.796,0,1.707,0
2002,28,W,64.067,64.16,2.299,51.026,10.8,0,0
2002,28,Y,82.867,201.997,29.377,105.313,0,0.407,66.9
2002,35,G,172.2,133.037,0.103,20.8,112.134,0,0
2002,35,R,107.8,120.49,0,27.8,92.467,0.223,0
2002,35,W,291.267,230.723,0,33.033,197.634,0.057,0
2002,35,Y,99.333,155.27,0.003,31.7,123.566,0,0
2002,39,G,165.8,177.757,0.464,117.5,0,0.143,59.6
2002,39,R,42.9,86.4767,21.016,0,3.117,61.633,0.21
2002,39,W,48.4,71.4933,5.578,13.131,38.367,14.057,0.363
2002,39,Y,17.233,65.2767,20.533,41.009,0,2.323,1.41
2002,4,G,143.533,137.307,7.717,123.656,0.723,5.21,0
2002,4,R,664.267,158.33,0.666,93.496,64.064,0.103,0
2002,4,W,231.867,147.287,3.89,44.167,84.9,14.287,0.043
2002,4,Y,311.433,131.693,0,74.767,52.8,4.126,0
2002,41,G,104.533,192.497,0.053,151.326,3.667,0,37.45
2002,41,R,85.033,110.663,3.756,60.9,0.11,23.567,22.3
2002,41,W,111.433,157.423,4.29,95.467,3.533,0,54.133
2002,41,Y,68.2,234.167,17.507,54.6,60.827,0,101.233
2002,45,G,103.967,241.09,17.884,90.633,19.337,0.736,112.5
2002,45,R,37.567,57.1933,10.84,40.4,0.49,4.5,0.673
2002,45,W,93.4,154.32,15.27,63.414,9.33,26.973,39.333
2002,45,Y,100.5,172.223,7.422,77.633,0,45.367,41.8
2002,5,G,173,194.733,4.607,90.15,23.033,73.043,3.9
2002,5,R,215.867,131.26,0.25,84.4,42.667,3.943,0
2002,5,W,192.3,196.593,4.024,183.367,0,9.203,0
2002,5,Y,99.033,123.633,2.683,64.6,0,54.8,1.55
2002,53,G,172.733,196.243,26.677,122.734,0,46.833,0
2002,53,R,194.433,118.8,14.367,103.767,0.666,0,0
2002,53,W,211.933,162.953,46.619,111.1,5.233,0,0
2002,53,Y,231.267,213.78,59.047,154.733,0,0,0
2002,70,G,119.767,154.95,26.38,47.703,5.613,27.867,0
2002,70,R,33.2,85.8633,4.483,79.514,1.867,0,0
2002,70,W,222.067,195.133,8.829,70.497,105.797,9.953,0
2002,70,Y,119.867,171.807,0.39,21.52,117.313,29.417,2.967
2002,72,G,469.033,655.98,2.61,39.337,32.613,7.29,0
2002,72,R,135.5,142.993,1.2,28.446,108.033,2.933,0
2002,72,W,143.433,153.17,5.09,25.613,122.467,0,0
2002,72,Y,225.5,217.49,3.2,14.803,170.034,29.454,0
2002,77,G,206.3,170.48,0.09,11.567,71.533,79.648,1.243
2002,77,R,150.3,166.383,2.066,14.37,141.5,0.01,0
2002,77,W,306.2,176.683,18.29,28.727,128.161,1.45,0
2002,77,Y,269.867,268.737,1.333,110.534,145.204,11.667,0
2002,LS,G,160.333,76.12,12.164,2.67,61.287,0,0
2002,LS,R,101.333,55.5,16.521,10.017,28.35,0.613,0
2002,LS,W,63.133,100.827,17.897,18.054,45.13,19.747,0
2002,LS,Y,379.5,218.28,3.796,200.749,13.733,0,0
2003,10,G,184.167,77.4033,59.08,18.32333,0,0,0
2003,10,R,162.367,70.9033,6.2,64.7,0.00333,0,0
2003,10,W,189.9,131.5,3.43333,126.033,0,1.56667,0.46667
2003,10,Y,156.867,64.2933,5.52667,58.7667,0,0,0
2003,24,G,185.533,173.917,8.4867,50.5234,108.7237,6.1333,0
2003,24,R,58.7,47.0767,0,17.91,22.9333,6.2333,0
2003,24,W,279.6,198.767,23.4666,93.2,74.3333,7.7666,0
2003,24,Y,436.067,120.533,0.0033,90.5,21.6667,8.2,0
2003,26,G,279.633,307.8,2.4667,46.5667,254.267,3.3667,0
2003,26,R,236.933,157.01,0.33,146.2334,6.6,3.5667,0
2003,26,W,274.533,120.433,0.9,68.6,16.5,32.5,0
2003,26,Y,936.9,24.4367,1.67,14.6,0.3333,3.9667,0
2003,28,G,54.9,147.34,0.1067,147.233,0,0,0
2003,28,R,112.167,124,7.6,116.4001,0,0,0
2003,28,W,62.3,35.4667,3.3666,32.0999,0,0,0
2003,28,Y,276.067,114.567,2.1333,112.4333,0,0,0
2003,35,G,294.333,224.98,0.0133,36.1667,188.8,0,0
2003,35,R,143.367,145.983,0,27.2333,118.5667,0.1833,0
2003,35,W,311.333,196.533,0,22.7333,172.6667,0.3667,0.7667
2003,35,Y,355.8,145.7,0,51.2,94.5,0,0
2003,39,G,276.1,179.597,0.0867,159.6103,0,0,19.9
2003,39,R,79.6333,94.3233,12.8567,26.6667,2.8,37.0333,14.9667
2003,39,W,108.733,65.1667,18.8133,22.7666,7.52,14.6334,1.4333
2003,39,Y,17,77.5667,7.7967,58.4033,0,9,2.3667
2003,4,G,334.067,208.817,0.05,185.7663,23,0,0
2003,4,R,300.4,151.41,0.28,61.1633,88.0333,1.9333,0
2003,4,W,223.833,118.2,0.5667,53.5,61.9,2.2333,0
2003,4,Y,335.267,159.063,0.12,56.9667,98.1334,3.8167,0
2003,41,G,307.133,223.753,0.0467,221.04,2.3,0,0.3667
2003,41,R,237.9,117.907,0.1067,113.7666,2.5,1.5333,0
2003,41,W,175.8,132.23,0.06,131.7,0.2033,0,0.2667
2003,41,Y,352.767,112.3,0.3,98.8666,12.1333,0,1
2003,45,G,291.267,125.677,12.3967,76.3333,26.8666,9.58,0.5
2003,45,R,108.2,118.267,5.4999,103.0666,5.7,4,0
2003,45,W,109.333,101.77,7.8668,49.7667,29.4,14.7334,0
2003,45,Y,69.7667,116.257,4.9267,97.1,0,14.23,0
2003,5,G,289,147.217,6.5767,88.7666,40.1,11.7,0.0733
2003,5,R,267.267,213.49,0.0333,133.433,79.4667,0.4133,0.07
2003,5,W,202.233,155.057,0.3567,146.3,0,8.4,0
2003,5,Y,232.867,172.227,0.3933,156.6666,0,14.5667,0.6
2003,53,G,312,144.913,0.8133,144.1003,0,0,0
2003,53,R,429.167,72.4667,15.0666,57.4,0,0,0
2003,53,W,283.667,142.6,1.0334,139.3667,2.2,0,0
2003,53,Y,218.633,162.323,29.9667,132.2,0,0.1567,0
2003,70,G,123.367,39.5,0,11.9,8.7334,18.8667,0
2003,70,R,54.6,71.4067,0.4333,67.3667,0.1733,3.4333,0
2003,70,W,267.367,136.837,2.1967,76.2067,56,2.4334,0
2003,70,Y,222.433,147.643,1.21,14.5667,112.2,14.4334,3.5
2003,72,G,245.7,142.443,0.7333,40.0333,76.0333,7.3666,0
2003,72,R,116.433,92.8667,0,12.0333,78.8333,1.1,0
2003,72,W,172.567,100.09,2.7733,23.3001,67.9832,6.0333,0
2003,72,Y,270.8,104.753,1.7333,21.4867,80.4666,1.0667,0
2003,77,G,419.233,64.4667,0,8.6,50.7333,5.0666,0
2003,77,R,240.867,113.637,0.35,16.1,94.5333,0.2534,0.2
2003,77,W,283.067,135.41,5.7667,4.9334,119.3,0.1767,0
2003,77,Y,289.867,159.88,1.48,91.7,65.8666,0.8333,0
2003,LS,G,37.6667,38.9333,31.3333,4.5667,3.0333,0,0
2003,LS,R,180.867,66.7333,15.6,42.3333,8.8,0,0
2003,LS,W,157,174.147,56.7666,110.7334,6,0.6333,0
2003,LS,Y,252.233,162.233,0.3334,161.7997,0.1,0,0
2004,10,G,72.6667,67.1767,28.57662,25.73333,0,12.8667,0
2004,10,R,41.8667,85.35,18.3167,66.59997,0,0.43333,0
2004,10,W,161.133,135.427,9.95,99.8,0.04333,1.2,24.4333
2004,10,Y,165.433,94.06,8.16,64.3333,0.3,0,21.2667
2004,24,G,60.8733,140.64,18.16665,70.30993,49.03,3.13333,0
2004,24,R,116.667,74.4667,0.26667,27.9,39.7667,6.53333,0
2004,24,W,348.6,146.093,0.12666,107.3,35.2667,3.4,0
2004,24,Y,396.967,99.3333,0.5,85.3667,9.56667,3.9,0
2004,26,G,109.387,245.473,0,44.22,198.1867,3.06667,0
2004,26,R,94.8,83.2667,2.53333,62.93337,2.06667,1.16667,0
2004,26,W,392.133,67.4,0,30.99997,21.4667,14.9333,0
2004,26,Y,647.133,23.8633,4.41333,11.6,0,2.21667,0.06667
2004,28,G,124.663,56.51,25.30333,31.0266,0.18,0,0
2004,28,R,151.887,160.04,33.2833,125.9166,0.84,0,0
2004,28,W,24.4,55.4333,8.3,47.13333,0,0,0
2004,28,Y,195.3,191.633,1.90001,137.3,0,0,52.4333
2004,35,G,196.1,159.333,0,46.8667,109.43327,3.03333,0
2004,35,R,69.0667,71.4,0,29.9667,41.43333,0,0
2004,35,W,215.7,111.253,0.07667,17.79336,92.77336,0,0.61
2004,35,Y,451.523,92.08,0,47.8933,44.1867,0,0
2004,39,G,222.733,188.6,0.16667,166.7,0.23333,0,21.5
2004,39,R,24.1333,19.2667,5.33333,1.23333,0.83333,7.26667,4.6
2004,39,W,79.0567,72.6333,18.27671,35.43333,6.51667,9.68666,2.72
2004,39,Y,203.1,101.093,0.09334,91.03333,0,9.96667,0
2004,4,G,345.633,191,0,136.9334,52.9,0,1.16667
2004,4,R,342.867,143.747,7.09667,100.91,35.74,0,0
2004,4,W,180.067,86.9333,0.11,38.5,40.3333,7.99,0
2004,4,Y,492.4,122.3,0.1,90.4667,30.5,1.23334,0
2004,41,G,155.913,173.49,0,155.42967,0,0,18.06
2004,41,R,89.1133,92.4833,4.82,84.84996,0.11333,0.97,1.73
2004,41,W,190.333,120.3,0.06667,111.3,0,0,8.93333
2004,41,Y,238.4,104.413,3.68,64.7666,16.1667,0,19.80003
2004,45,G,220.033,159.38,3.33333,107.4,32.7667,2.64666,13.2333
2004,45,R,51.2667,96.0767,12.81,45.5,0,16.73333,21.03333
2004,45,W,361.533,106.733,2.03333,48.7666,38.8333,12.56667,0.26667
2004,45,Y,208.6,168.187,5.47,96.5,0.06667,40.3633,25.7867
2004,5,G,234.667,150.4,0.03333,96.3333,41.4667,3.56666,9
2004,5,R,99.9,162.7,0.73333,103.8667,37.03333,1.8,19.2667
2004,5,W,208.3,108.9,1,105.0334,0,2.86667,0
2004,5,Y,511,174.333,0.7,153.0666,0,0.56667,20
2004,53,G,244.497,155.533,2.94,146.58,6.01333,0,0
2004,53,R,123.033,113.007,3.01666,104.7466,1.44333,3.8,0
2004,53,W,240.433,151.663,0.46333,151.2,0,0,0
2004,53,Y,370.5,155.4,1.23333,154.1666,0,0,0
2004,70,G,76.2767,50.6933,0.59667,23.93997,3.55,6.13333,6.19
2004,70,R,130.933,63.2,2.93333,59.9333,0.13333,0.2,0
2004,70,W,91.96,126.93,5.66999,101.08997,11.71666,8.45333,0
2004,70,Y,313.883,152.583,0.62667,15.03671,124.8334,10.75333,0.56
2004,72,G,133.9,152.8,6.8,77.3334,53.36667,5.16667,0
2004,72,R,119.6,70.7333,4.2,31.30007,27.69997,7.53333,0
2004,72,W,111.8,72.5767,0.31,1.86667,51.10003,19.29997,0
2004,72,Y,183.6,137.733,2.03333,58,72.73333,4.2,0
2004,77,G,299.367,96.5667,0,11.3333,69.5333,3.56667,0
2004,77,R,98.1333,77.0067,0.04,13.4,58.7334,0.7,0
2004,77,W,327.133,182.46,2.01667,16.7067,163.49667,0.17333,0.06667
2004,77,Y,328.937,127.337,0.81,82.65004,33.0167,1.96333,2
2004,LS,G,29.2667,24.8,16.76666,7.5,0.53333,0,0
2004,LS,R,192.1,106.6,26.93332,35.7334,43.93333,0,0
2004,LS,W,81.1,80.2333,55.0334,24.63333,0.56667,0,0
2004,LS,Y,152.53,127.803,1.94666,125.017,0.84,0,0
2005,10,G,78.867,84.1801,4.4,79.521,0,0.133,0.127
2005,10,R,30.767,78.0667,7.467,70.6,0,0,0
2005,10,W,163.4,47.33,0.967,45.8,0,0.413,0.15
2005,10,Y,207.7,90.43,0.43,90,0,0,0
2005,24,G,99.767,120.7467,11.933,49.767,34.2,24.847,0
2005,24,R,83.6,49.8599,1.36,25.733,19.333,3.433,0
2005,24,W,385.667,197.2466,0.433,114.5,78.866,3.447,0
2005,24,Y,173.033,155.0232,0.087,123.066,0.403,31.466,0
2005,26,G,184.333,176.7666,0,64.4,108.333,3.533,0.5
2005,26,R,213.267,154.0298,67.796,77.533,2.666,0.633,0
2005,26,W,344.6,95.3,2.367,49.333,7.933,33.434,0
2005,26,Y,1543.3,24.7433,0.063,2.833,0,1.713,0
2005,28,G,179.233,113.0166,9.867,100.166,2.267,0.183,0.533
2005,28,R,38,45.4001,5.2,36.867,2.767,0.567,0
2005,28,W,91.8,78.3667,17.333,40.434,20.4,0.2,0
2005,28,Y,41.633,95.6668,77.601,17.8,0,0.267,0
2005,35,G,128,99.0666,0.533,28.133,70.4,0,0
2005,35,R,339.3,50.2,0,26.633,23.567,0,0
2005,35,W,226,146.4067,0,31.127,90.1,22.967,2.133
2005,35,Y,392.833,155.4666,0,79.8,75.666,0,0
2005,39,G,269.033,124.5734,0,124.567,0,0,0.007
2005,39,R,29.933,50.45,22.983,1.267,0,8.8,17.4
2005,39,W,49.433,52.6668,8.767,16,2,6.834,19.067
2005,39,Y,94.5,70.7899,8.44,60.966,0,1.3,0.083
2005,4,G,262,132.3998,2.399,125.133,4.433,0.433,0
2005,4,R,311.5,153.2334,10.067,84.3,58.567,0.3,0
2005,4,W,113.4,95.5268,1.06,47.167,40.267,7.034,0
2005,4,Y,160.5,66.3333,0,45.633,18,2.7,0
2005,41,G,198.6,153.2467,0.13,149.86,0,3.033,0.224
2005,41,R,137.433,131.4999,0,130.266,0,1.233,0
2005,41,W,131.733,147.5334,0,145.567,0.733,0.067,1.167
2005,41,Y,144.267,99.8667,5.367,67.5,25.667,1.333,0
2005,45,G,312.133,164.5167,10.55,94.467,56.133,0,3.367
2005,45,R,97.033,78.4035,17.737,48.534,8.933,1.267,1.934
2005,45,W,120.5,137.9133,18.667,62.2,42.433,13.467,1.146
2005,45,Y,81.2,109.8334,19.634,75.167,0,14.833,0.2
2005,5,G,115.933,178.07,0,82.7,29.567,65.743,0.06
2005,5,R,248.567,153.4333,0,126.867,15.833,10.733,0
2005,5,W,270.8,197.8335,0,175.834,11.067,10.567,0.367
2005,5,Y,278.2,238.8134,0.047,230.334,1,0.7,6.733
2005,53,G,223.9,249.0134,13.581,234.8,0.633,0,0
2005,53,R,86.733,115.32,20.747,93,0,1.533,0
2005,53,W,225.267,191,35.067,152.1,3.833,0,0
2005,53,Y,197.367,127.7,3.7,123.6,0.4,0,0
2005,70,G,18.7,25.8667,4.167,9.8,3.767,1.833,1.733
2005,70,R,109.433,82.7667,0.767,68.7,7.8,5.5,0
2005,70,W,126.9,133.0666,30.6,67.607,23.566,11.11,0
2005,70,Y,60.267,178.7766,6.103,13.701,117.766,30.666,0.3
2005,72,G,155.267,79.8134,0,37.084,37.1,5.557,0
2005,72,R,103.2,64.7767,4.667,29.6,29.467,1.043,0
2005,72,W,32,57.4533,3.25,14.336,15.867,24,0
2005,72,Y,123.567,151.7434,0.497,8.267,109.536,5.944,27.5
2005,77,G,172.4,135.1166,0.073,15.267,49.23,4.513,0
2005,77,R,280.1,258.0966,0,22.567,234.473,0.583,0.463
2005,77,W,204.6,157.9931,3.693,15.066,135.806,0.393,0
2005,77,Y,126.533,188.5567,1.767,49.667,130.2,0.31,0.013
2005,LS,G,58.2,26.1,12.8,13.3,0,0,0
2005,LS,R,165.033,118.9668,71.3,5.134,42.201,0.333,0
2005,LS,W,50.233,82.0333,36.26,34.867,10.906,0,0
2005,LS,Y,73.3,129.5866,2.12,123.466,0.197,3.8,0.003
2006,10,G,91.33,79.71,0.54,56.533,22.44,0.197,0
2006,10,R,35.353,83.147,0.547,82.6,0,0,0
2006,10,W,49.403,43.29,0.776,31.61,0.917,0,9.957
2006,10,Y,47.6,38.65,2.65,35.74,0,0.197,0
2006,24,G,152.767,127.613,0.223,74.423,1.883,33.254,17.83
2006,24,R,23.963,44.88,0,10.2,15.797,18.344,0.54
2006,24,W,156.567,150.623,4.563,96.897,30.913,18.249,0
2006,24,Y,385.18,89.66,0,76.42,6.683,6.486,0
2006,26,G,165.333,78.867,0,38.1,40.233,0.534,0
2006,26,R,503.367,16.083,0,6.533,0,1.067,0
2006,26,W,501.567,51.267,0,7.8,13.867,14.033,0
2006,26,Y,333.1,97.967,0,53.534,34.366,2.8,0
2006,28,G,100.83,99.13,1.033,74.407,14.243,0,9.447
2006,28,R,35.853,49.32,1.549,19.683,0,0,28.087
2006,28,W,70.003,62.87,19.8,23.043,11.463,8.563,0
2006,28,Y,66.793,159.513,96.61,62.903,0,0,0
2006,35,G,177.7,82.633,2.4,34.167,46.067,0,0
2006,35,R,189.9,73.567,4.267,41.633,27.666,0,0
2006,35,W,171.767,116.61,0,24.057,92.367,0.187,0
2006,35,Y,351.967,213.833,0.002,82.667,79.333,0,0
2006,39,G,112.6,91.533,0.766,75,0,2.167,13.6
2006,39,R,15.067,69.733,0.8,0.033,0.967,19.733,48.2
2006,39,W,32.733,26.967,0.267,12.8,0,4.167,9.733
2006,39,Y,56.6,66,0.5,65.1,0,0.033,0.367
2006,4,G,343.9,146.533,0,140.6,5.933,0,0
2006,4,R,262.3,185.4,0.5,47.966,136.6,0.333,0
2006,4,W,122.667,105.867,1.367,77.266,16.2,9.8,0
2006,4,Y,160.333,88.133,0.167,56.2,30.033,1.733,0
2006,41,G,131.667,105.313,0,89.22,0,0,15.827
2006,41,R,106.22,93.917,0,87.277,0.66,5.98,0
2006,41,W,295.173,90.003,0,85.701,0.507,0,3.797
2006,41,Y,133.73,87.927,0,77.007,0.397,0,10.523
2006,45,G,77.567,106.48,3.68,47.4,3.467,0,51.933
2006,45,R,68,73.233,6.349,36.433,13.666,1.133,16.467
2006,45,W,180.867,104.717,20.001,25.067,31.3,16.283,6.933
2006,45,Y,143.9,113.833,6.933,89.1,2.867,13.733,1.2
2006,5,G,130.833,102.633,0,70.266,25.033,0,7.333
2006,5,R,190.9,130.767,0,92.166,32.033,6.567,0
2006,5,W,154.967,60.733,0.5,83.734,1.567,8.267,0
2006,5,Y,220.533,135.667,0.467,119.033,3.033,0,13.133
2006,53,G,119.9,100.867,10.3,90.567,0,0,0
2006,53,R,207.9,83.433,16.134,67.3,0,0,0
2006,53,W,190,125.733,1.8,123.933,0,0,0
2006,53,Y,244.167,113.833,0,113.366,0.467,0,0
2006,70,G,24.3,46.6,1.033,16.4,0.4,2.567,0
2006,70,R,49,48.467,0,40.834,0,4.2,3.433
2006,70,W,193.133,76.9,1.333,48.2,21.567,5.8,0
2006,70,Y,221.867,168.1,1.8,13.533,90.267,25.5,0.033
2006,72,G,59.5,104.233,2.6,11.867,51.066,19.666,0
2006,72,R,119.033,81.033,9.767,25.966,19.067,0.067,0
2006,72,W,60.267,52.133,1.834,13.7,20.333,16.267,0
2006,72,Y,172.567,139.9,0,8.634,128.166,3.1,0
2006,77,G,183.5,90.533,0,29.5,32.9,0,0.8
2006,77,R,270.433,166.867,3.033,22.867,124.9,15.6,0.033
2006,77,W,190.067,154.733,0.033,19.167,132.2,3.334,0
2006,77,Y,232.767,179.767,4.9,25.833,143.566,0,0
2006,LS,G,18,32.867,12.367,2.367,18.133,0,0
2006,LS,R,67.1,71.16,1.294,38.1,30.9,0.867,0
2006,LS,W,41.233,191.92,41.5,35,9.653,0,105.767
2006,LS,Y,369.333,97.5,0.4,97.1,0,0,0
2007,10,G,69.03,75.43,4.86,50.27,0,4.23,16.07
2007,10,R,31.2,50.68,5.38,31.87,9.63,0,3.8
2007,10,W,112.97,77.4,8.51,42.59,8.47,17.77,0.06
2007,10,Y,118.23,48.93,23.7,11.8,0,3.7,9.73
2007,24,G,7.87,107.15,13.76,41.23,12.23,39.9,0.03
2007,24,R,22.23,115.5,0,2.3,94.87,18.33,0
2007,24,W,202.8,105.66,2.88,74.7,26.84,1.24,0
2007,24,Y,1368.9,56.54,2.4,44.3,2.37,7.47,0
2007,26,G,284.67,152.78,0.01,55.97,92.63,0,0
2007,26,R,615.07,228.31,3.19,74.4,36.46,0.96,0
2007,26,W,373.73,34.74,0,18.3,14.17,2.27,0
2007,26,Y,387.57,71.69,0,14.57,48.8,1.42,1.57
2007,28,G,293.07,190.16,0.3,72.83,70.6,0,46.43
2007,28,R,50.7,94.23,36.35,37.1,20.6,0,0.18
2007,28,W,196.2,141.51,0.3,12.39,122.2,6.62,0
2007,28,Y,67.6,84.84,16.97,67.87,0,0,0
2007,35,G,177.73,109.66,0,29.37,80.29,0,0
2007,35,R,101.07,47.21,0,25.17,22.04,0,0
2007,35,W,20.73,158.22,0,20.5,137.29,0,0.43
2007,35,Y,46.53,141.01,0,60.97,80.04,0,0
2007,39,G,10.83,43.34,2.13,37.83,0.08,1.83,1.47
2007,39,R,86.83,57.26,10.94,0.73,4.16,7.2,34.23
2007,39,W,50.5,85.37,8.47,15.46,39.63,6.04,15.77
2007,39,Y,211.6,72.42,1.73,65.86,1.63,2.3,0.9
2007,4,G,242.97,105.67,0.04,101.1,4.53,0,0
2007,4,R,494.7,246.83,0.17,56.34,186.14,4.1,0
2007,4,W,596.6,110.2,8.27,47.33,44.23,6.47,3.9
2007,4,Y,207.23,101.69,1.6,36.03,53.03,10.4,0.63
2007,41,G,126.17,91.89,0,81.53,10.23,0.13,0
2007,41,R,247.07,137.81,0,122.6,9.3,0.08,5.83
2007,41,W,41.97,115.23,1.13,114.1,0,0,0
2007,41,Y,28.53,114.2,0,108.17,6.03,0,0
2007,45,G,219.47,82.28,0,37.67,42.44,0.87,1.3
2007,45,R,141.5,71.31,3.64,34.63,23.77,9.27,0
2007,45,W,213.83,114.51,2.27,47.14,58,7.1,0
2007,45,Y,218.33,108.81,0.5,83.74,7.43,13.27,3.87
2007,5,G,219.7,68.77,0,50.27,13.31,5.19,0
2007,5,R,276.7,124.17,0,67.97,54.33,1.87,0
2007,5,W,187.53,138.43,4.53,115.07,0.1,18.73,0
2007,5,Y,133.03,77.02,3.73,70.29,0,3,0
2007,53,G,309.7,79.07,0.83,75.14,3.1,0,0
2007,53,R,0,66.8,1.17,65.63,0,0,0
2007,53,W,273.97,80.13,0,80.13,0,0,0
2007,53,Y,328.3,103.47,1.63,101.84,0,0,0
2007,70,G,6.1,61.76,8.06,2.73,2.67,1.2,0
2007,70,R,82.37,41.73,5.8,30.66,2.2,3.07,0
2007,70,W,312.93,161.33,1.83,47.66,45.74,64.6,0
2007,70,Y,321.17,125.67,0.03,6.54,100.94,16.63,1.53
2007,72,G,11.6,103.6,1.13,24.17,73.4,0,0
2007,72,R,6.5,59.11,0.97,3.64,37.73,16.77,0
2007,72,W,129.33,102.77,4.09,36.34,41.94,20.4,0
2007,72,Y,474.93,64.97,4.3,21.34,29.87,2.03,7.43
2007,77,G,370.7,45.97,0,20.6,20.84,2.1,0
2007,77,R,115.27,136.37,0.04,13.8,114.13,1,0.27
2007,77,W,386.47,150.83,7.13,8.67,130.6,4.43,0
2007,77,Y,340.93,187.14,6.47,53.8,100,12.07,0
2007,LS,G,146.3,63.93,16.56,47.37,0,0,0
2007,LS,R,107.47,59.4,7.17,10.93,24.53,16.77,0
2007,LS,W,32.93,39.79,13.53,0.7,23.63,1.93,0
2007,LS,Y,139.47,69.25,33.78,9.5,23.77,2.1,0.1
2008,10,G,25.13,22.11,0.94,20.83,0,0,0.34
2008,10,R,66.25,16.88,2.18,12.12,0,0.05,2.53
2008,10,W,66,32.04,0.94,29.67,0,0,1.43
2008,10,Y,28.25,32.77,8.07,14.4,5.66,0.56,4.08
2008,24,G,25.37,46.13,4.07,27.01,8.15,5.27,1.63
2008,24,R,27.93,59.15,0.21,29.93,22.04,6.97,0
2008,24,W,9.82,79.77,13.92,54.93,0.62,10.3,0
2008,24,Y,297.35,63.92,0.02,38.49,2.7,2.4,0
2008,26,G,66.92,60.67,0,38.87,20.65,1.15,0
2008,26,R,39,34.44,0.25,23.27,0,0.57,0
2008,26,W,291.9,25.6,0,9.17,15.18,1.25,0
2008,26,Y,35.57,33.23,0,20.86,10.93,1.18,0
2008,28,G,81.32,116.25,0.64,39.04,31.73,0.01,44.83
2008,28,R,7.9,20.4,4.97,4.02,7.32,0.37,3.72
2008,28,W,60.5,46.18,2.71,24.38,16.66,2.43,0
2008,28,Y,18.8,32.88,3.76,4.26,0.06,24.8,0
2008,35,G,30.47,46.09,0.95,25.87,19.27,0,0
2008,35,R,77.3,44.72,0.22,28.92,15.58,0,0
2008,35,W,69.93,50.81,0,13.27,37.54,0,0
2008,35,Y,52.83,84.25,0,57.3,26.95,0,0
2008,39,G,25.52,30.01,1.34,17.62,1.58,7.22,2.25
2008,39,R,37.37,20.46,4.48,0.4,7.73,5.78,2.07
2008,39,W,0,90.42,4.93,11.8,7.77,0.4,15.3
2008,39,Y,91.08,45.83,0.4,31.15,4.58,0.57,9.13
2008,4,G,57.98,131.44,0,115.92,15.52,0,0
2008,4,R,148.95,93.11,0,29.96,62.98,0.17,0
2008,4,W,116.22,49.71,0.65,36.6,9.02,3.21,0.23
2008,4,Y,79.42,45.7,1.62,29.95,9.35,4.78,0
2008,41,G,52.92,64.14,0,55.94,3,0,5.2
2008,41,R,86.55,81.31,0,76.41,2.6,0,2.3
2008,41,W,52.83,99.5,0.06,98.83,0.61,0,0
2008,41,Y,32.33,54.86,0.23,53.55,0.3,0,0.78
2008,45,G,143.12,113.16,0,58.78,21.99,1.07,31.32
2008,45,R,52.28,78.11,1,55.53,1.48,6.77,13.33
2008,45,W,5.08,28.69,2.73,16.92,8.42,0.62,0
2008,45,Y,45.6,56.65,0.37,45.26,8.33,2.63,0.06
2008,5,G,86.97,66.25,0,50.45,10.72,5.08,0
2008,5,R,135.97,74.55,0,53.43,11.38,0.99,3.2
2008,5,W,86.55,63.08,0.08,56.59,0.37,6.04,0
2008,5,Y,76.27,76.03,0.03,73.8,0,2.12,0.08
2008,53,G,104.02,72.24,0.98,69.58,1.68,0,0
2008,53,R,90.65,82.14,16.23,64.23,0.88,0.8,0
2008,53,W,80.88,76.85,0,76.85,0,0,0
2008,53,Y,64.32,35.9,0.65,35.25,0,0,0
2008,70,G,22.82,50.5,3.72,11.42,24,7.33,3.73
2008,70,R,52.38,46.55,0.41,40.6,0,5.54,0
2008,70,W,69.6,56.5,0.41,23,27.28,5.54,0
2008,70,Y,34.6,67.14,0,5.55,43.67,16.97,0.75
2008,72,G,39.8,52.28,1.95,23.11,26.12,0,0
2008,72,R,36.67,42.99,0.59,9.11,31.03,2.26,0
2008,72,W,35.3,43.06,4.78,23.96,8.79,4.45,0
2008,72,Y,136.85,44.37,0.77,18.07,22.1,0,3.03
2008,77,G,38.6,63.71,3.69,35,13.61,1.12,0
2008,77,R,65.13,68.11,0.01,15.17,51.73,0.9,0.18
2008,77,W,9.23,68.29,5.07,6.72,49.77,4.83,0
2008,77,Y,4.85,93.26,4.56,36.06,40.61,0.04,0
2008,LS,G,6.13,13.73,10.19,3.51,0.03,0,0
2008,LS,R,50.53,54.77,0.58,27.7,2.37,5,19.12
2008,LS,W,115.35,128.21,1.41,106.53,5.6,2.92,11.75
2008,LS,Y,0,57.15,2.95,52.98,0,1.22,0
2009,10,G,130.4,82.47,0,82.24,0,0.23,0
2009,10,R,39.13,54.16,4.63,32.7,4.63,3.93,8.27
2009,10,W,7.03,96.44,0.67,92.7,0,3.07,0
2009,10,Y,2.23,87.61,9.01,39.43,1.4,37.77,0
2009,24,G,145.17,112.2,0,47.16,41.97,23.07,0
2009,24,R,11.13,89.37,5.67,8.8,0,3.43,0
2009,24,W,6,8.5,0,0,1,7.5,0
2009,24,Y,35.57,37.37,0.03,16.07,15.2,0.07,0
2009,26,G,10.4,62.57,0,62.57,0,0,0
2009,26,R,17.13,66.13,10.97,47.96,7.2,0,0
2009,26,W,8.67,72.99,0,18.16,54.3,0.53,0
2009,26,Y,70,150.3,0.83,114.5,34.97,0,0
2009,28,G,51.57,81.23,27.7,43.6,7,2.93,0
2009,28,R,71.17,70.74,1.17,14.23,47.44,5.77,2.13
2009,28,W,18.1,77.93,1.63,52.2,2.6,21.5,0
2009,28,Y,1.07,10.9,0,2.97,0,7.87,0
2009,35,G,65.03,84.83,0,20.4,64.43,0,0
2009,35,R,46,21.1,0,0,21.1,0,0
2009,35,W,31.17,161.1,0,24.4,136.7,0,0
2009,35,Y,116.63,104.37,0,46.74,57.63,0,0
2009,39,G,131.37,101.01,0,92.17,3.1,0.27,5.47
2009,39,R,67.7,82.13,0,67.9,14.23,0,0
2009,39,W,70.2,85.7,0,81.27,0,4.43,0
2009,39,Y,90.1,77.53,2.27,61.56,13.7,0,0
2009,4,G,8.83,98.94,0,63.07,35.87,0,0
2009,4,R,3.23,86.13,0,17.1,69.03,0,0
2009,4,W,261.87,110.53,0,78.57,26.63,4.03,1.3
2009,4,Y,56.76,102.71,0,72.73,19.14,0.57,10.27
2009,41,G,73.7,111.29,0.83,43.5,27.06,6.9,33
2009,41,R,8.3,65.3,5.57,4.36,0.4,40.87,14.1
2009,41,W,40.43,79.67,3.57,32.74,21.23,0.9,10.8
2009,41,Y,72.93,54.23,0,28.4,0,18.3,7.53
2009,45,G,110.97,111.54,0,93.31,12.77,5.43,0.03
2009,45,R,98.77,78.33,0,64.7,7.47,6.16,0
2009,45,W,43.83,152.81,0,35.07,113.8,0.37,3.57
2009,45,Y,96.67,105.36,3.5,64.6,32.73,4.53,0
2009,5,G,121.5,106.53,0,62.06,41.17,1.3,2
2009,5,R,103.63,109.29,0,72.26,35,0,0.13
2009,5,W,36.47,86.96,0.17,86.46,0,0.33,0
2009,5,Y,9.97,85.67,0.57,79.37,0,5.73,0
2009,53,G,190.63,112.5,6.53,102.87,1.57,1.53,0
2009,53,R,133.1,91.56,3.86,80.43,2.27,5,0
2009,53,W,9.03,127.9,0,127.9,0,0,0
2009,53,Y,0.6,94.5,0,94.5,0,0,0
2009,70,G,33.5,55.28,8.66,34.96,0,1.53,7.83
2009,70,R,126.13,42.81,0,31.54,3.84,7.43,0
2009,70,W,3.53,49.3,0.03,27.86,20.51,0.9,0
2009,70,Y,4,116.62,0.17,8.67,59.17,41.25,0.43
2009,72,G,166.77,70.77,0,51.67,10.8,0,0
2009,72,R,108.83,79.91,0.77,20.77,53.37,5,0
2009,72,W,39.6,70.22,0.43,33.3,25.46,11.03,0
2009,72,Y,54.97,342.47,0.17,14.76,325.57,1.27,0
2009,77,G,24.37,45.27,0,32.67,0.2,0,0
2009,77,R,192.3,124.14,0.17,14.84,95.23,3.43,0.47
2009,77,W,73.3,194.99,1.43,3.1,185.46,5,0
2009,77,Y,67.33,94.18,0.47,25.72,58.16,0.13,8.8
2009,LS,G,21.17,26.28,10.88,9.07,0.9,4.2,0
2009,LS,R,193.06,65.27,1.17,45.17,11.63,5.17,0
2009,LS,W,40.03,103.23,0,90.93,5.63,4.97,1.7
2009,LS,Y,92.33,72.53,0,67.83,0,2,0
2010,10,G,85.3,92.8,0.77,90.4,0,0.03,1.6
2010,10,R,28.43,80.77,11.8,41.4,25.03,0.17,2.37
2010,10,W,25.83,90.86,1.79,73.23,0,1.57,14.27
2010,10,Y,11.43,73.62,2.16,45,23.73,2.23,0.5
2010,24,G,11.33,125.9,12.97,54.9,40.5,17.5,0.03
2010,24,R,12.83,115.33,4.3,11.7,62,4.4,32.93
2010,24,W,64.87,132.56,5.73,77.83,35.06,13.74,0
2010,24,Y,2.27,2.7,0,0.8,0.37,1.53,0
2010,26,G,166.63,165.74,0,87.2,65.9,12.64,0
2010,26,R,3.17,38.73,0,1.53,0.47,2.7,0
2010,26,Y,16.335,34.37,0.8,4.53,15.1,0.17,0
2010,28,G,132.03,152.1,0.23,102.9,39.67,0,9.3
2010,28,R,31.5,79.34,0.74,9.27,69.33,0,0
2010,28,W,100.63,73.94,0,35.67,31.27,7,0
2010,28,Y,56.8,116.89,1.53,12.96,34.87,67.53,0
2010,35,G,135.07,115.63,0,40,75.6,0,0.03
2010,35,R,10.7,64.51,0,31,31.37,0,0
2010,35,W,9.87,234.46,0,20.06,213.93,0.4,0.07
2010,35,Y,15,157.83,0,57.43,100.4,0,0
2010,39,G,39.77,101.54,5.17,46.93,13.87,8.2,27.37
2010,39,R,7.2,89.8,8.23,25.94,1.1,35.46,19.07
2010,39,W,131.47,148.16,0.13,57.73,42.4,1.73,46.17
2010,39,Y,114.33,97.1,0.37,70.3,5.93,1.9,18.6
2010,4,G,519.03,155.47,0.03,110.47,44.7,0.17,0
2010,4,R,26.97,118.98,0,38.38,80.6,0,0
2010,4,W,372.73,123.96,0.1,73.83,48,2.03,0
2010,4,Y,62.7,224.93,2.74,44.22,43.03,132.81,2.13
2010,41,G,164.4,129.87,1.1,103.2,23.14,0,2.43
2010,41,R,16.2,109.05,0,79.59,26.73,0.17,2.56
2010,41,W,14.67,142.49,0.33,141.93,0,0.03,0.2
2010,41,Y,14.4,85.6,0,65.27,20.33,0,0
2010,45,G,173.3,164.71,0.57,83.64,71.6,0,8.9
2010,45,R,64.93,215.03,6.47,116.23,85.43,2.53,4.37
2010,45,W,4.07,68.52,0.23,15.96,51,1.33,0
2010,45,Y,24.4,143.83,0.37,93.86,23.7,25.9,0
2010,5,G,433.67,166.8,0,56.44,96.1,7.03,7.23
2010,5,R,38.47,171.2,0,22.77,144.36,2.77,1.3
2010,5,W,133.43,137.06,0.07,130.23,0,6.76,0
2010,5,Y,39.57,155.36,0,151.86,0,3.5,0
2010,53,G,241.4,143.43,3.34,114.9,9.23,15.96,0
2010,53,R,121.73,94.21,12.67,80.77,0.7,0.07,0
2010,53,W,7.4,146.59,0.03,142.43,4.13,0,0
2010,53,Y,3.9,83.69,0.53,83.16,0,0,0
2010,70,G,7.63,40.76,14.93,4.79,11.57,5.6,0
2010,70,R,16.93,51.89,7.03,30.17,7.99,6.7,0
2010,70,W,66.73,89.53,0.46,19.43,61.2,8.44,0
2010,70,Y,60,131.16,0.16,8.9,63.71,38.23,0.03
2010,72,G,16.1,69.43,0,38.43,27.43,3.57,0
2010,72,R,4.73,89.06,2.73,35.46,50.27,0.6,0
2010,72,W,46.57,91.74,0,36.47,50.84,4.43,0
2010,72,Y,28.03,101.13,0,1.33,96.53,3.27,0
2010,77,G,49.13,61.33,0,39.43,5.7,11.1,0
2010,77,R,19.17,133.15,0,5.66,112.23,3.6,0.2
2010,77,W,6.63,496.19,0,1.9,494.29,0,0
2010,77,Y,13.4,178.87,1.17,16.9,142.84,2.53,0
2010,LS,G,37.67,50.23,10.83,39.23,0.17,0,0
2010,LS,R,46.97,104.23,4.47,54.2,39.63,0,5.93
2010,LS,W,88.67,106.9,1.9,64.14,33,2.63,5.23
2010,LS,Y,75.87,93.15,0.4,88.96,0.03,3.76,0
2011,10,G,35.13,101.59,2.36,61,23.7,0.73,13.8
2011,10,R,145.3,91.72,0.96,28.9,44.93,4.3,12.63
2011,10,W,4.43,117.91,12.37,89.24,10.33,3.17,2.8
2011,10,Y,6.73,57.66,7.26,38.44,6.16,5.8,0
2011,24,G,13.33,194.26,8.73,98.27,21.2,53.93,12.13
2011,24,R,101.3,158.79,0.06,35.5,53.8,29.13,40.3
2011,24,W,56.6,118.26,11.39,61.07,9.83,34.8,0
2011,24,Y,827.6,19.97,0,0.37,0.97,0.33,0
2011,26,G,207.37,183.96,3.6,82.3,83.23,14.83,0
2011,26,R,0,72.16,0,1.6,0.6,0,0
2011,26,W,23.4,9.8,0.03,0.5,5.9,2.1,0
2011,26,Y,0.03,45.49,0,0.3,0,0.03,0
2011,28,G,7.17,86.13,4.57,61.83,19.6,0,0.13
2011,28,R,9.93,134.46,17.22,26.47,52.54,38.23,0
2011,28,W,1.97,140.53,0,56.6,79.5,4.43,0
2011,28,Y,13.67,275.86,1.06,160.03,68.1,46.67,0
2011,35,G,110.7,192.07,0,54.87,137.2,0,0
2011,35,R,513.6,130.06,0,70.57,59.43,0.03,0
2011,35,W,21.4,258.2,0.03,23.74,224.3,10.13,0
2011,35,Y,38.13,102.95,0.07,25.47,77.41,0,0
2011,39,G,11.17,115.87,0.17,28.53,30.1,9.33,47.74
2011,39,R,13.93,105,9.2,47.5,5.53,42.74,0.03
2011,39,W,167.47,76.1,0,47.73,22.97,0.43,4.97
2011,39,Y,32.57,79.6,0,61.73,0.1,17.77,0
2011,4,G,5.47,165.06,0,107.03,58.03,0,0
2011,4,R,6.13,195.24,0,13.7,181.54,0,0
2011,4,W,409.33,158.08,0,100.67,37.37,20.04,0
2011,4,Y,60.4,253.44,0.37,123.37,111.37,16.3,2.03
2011,41,G,15.07,164.36,0,138.6,24.63,1.1,0.03
2011,41,R,68.43,147.04,0,75.57,27.67,0.63,43.17
2011,41,W,24.9,266.03,0,188.07,4.83,0,73.13
2011,41,Y,54.77,240.77,0,100.37,76.83,0,63.57
2011,45,G,94.87,269.97,0.33,194.4,74.57,0.2,0.47
2011,45,R,201.87,100.4,2.33,51.04,42.03,4.97,0.03
2011,45,W,121.5,83.22,5.44,21.04,41.1,11.97,0
2011,45,Y,44.3,117.32,9.73,62.03,19.43,26.1,0.03
2011,5,G,129.1,160.96,0,73.36,76.3,9.83,1.47
2011,5,R,71.6,192.66,0,52.5,130.03,9.63,0.5
2011,5,W,9.53,133.76,4,115.3,0.03,14.43,0
2011,5,Y,13.9,252.77,0,186.57,9.8,56.4,0
2011,53,G,16.63,133.12,15.06,94.43,3.6,20.03,0
2011,53,R,25.43,140.07,1,138.67,0.4,0,0
2011,53,W,17.3,175.03,0,169.83,5.2,0,0
2011,53,Y,8.2,238.1,2.53,235.57,0,0,0
2011,70,G,11.1,35.03,1.67,10.3,7.96,15.1,0
2011,70,R,31.27,112.39,0.76,30.23,60.3,4.73,16.37
2011,70,W,11.63,158.49,1.93,25.73,116.4,14.43,0
2011,70,Y,7.63,127.83,0.2,10.63,85.4,19.06,0.07
2011,72,G,15.67,102.43,3.53,32.7,60.37,5.83,0
2011,72,R,49.8,77.6,0.63,11.03,65.64,0.3,0
2011,72,W,16.37,115.93,2.87,59.47,37.69,15.9,0
2011,72,Y,44.57,196.33,0,27.1,168.76,0.47,0
2011,77,G,57.3,72.54,0,30.17,3.37,0.77,0
2011,77,R,76.53,243.35,4.03,26.6,197.7,4.03,2.63
2011,77,W,10.73,91.16,0,3.33,78.57,9.23,0.03
2011,77,Y,0,226.15,14.09,40.47,159.76,1.43,0
2011,LS,G,8.73,68.17,16.2,26.73,6.6,18.64,0
2011,LS,R,12.4,98.24,3.84,89.26,0,1.07,4.07
2011,LS,W,75.77,114.01,0,99.07,3.47,7.34,4.13
2011,LS,Y,38.63,241.5,1.43,161.07,76.5,2.5,0
2012,10,G,212.47,113.97,0,113.97,0,0,0
2012,10,R,179.5,126.986,35.686,2.93,88.37,0,0
2012,10,W,7.43,67.914,14.765,19.449,33.7,0,0
2012,10,Y,12.8,60.51,17.74,10.1,32.67,0,0
2012,24,G,324.23,364.7633,0,44.34,312.46,7.317,0.0273
2012,24,R,2.73,79.2257,0.066,1.1977,0.052,0.5,0
2012,24,W,136.037,27.459,11.447,1.736,2.02,0,0
2012,24,Y,77.843,45.723,0,0,0,4.48,0
2012,26,G,59.407,165.914,4.59,29.677,125.73,5.66,0
2012,26,R,5.7,172.443,5.19,17.13,141.1,0.623,4.37
2012,26,W,15.93,45.17,6.4,34.9,2.57,1.3,0
2012,26,Y,3.17,1.7883,0,0.1,0.0583,0,0
2012,28,G,20.73,78.13,1.53,42.3,34.3,0,0
2012,28,R,6.13,44.34,13.41,12.33,14.47,4.13,0
2012,28,W,215.6,109.33,0,35.63,73.7,0,0
2012,28,Y,258.23,143.7,5.73,136.47,1.5,0,0
2012,35,G,177.57,124,0,17.13,100.7,6.17,0
2012,35,R,272.47,79.4637,4.4237,28.1,42.57,4.37,0
2012,35,W,41.03,271.81,0,18.14,248.074,1.773,3.823
2012,35,Y,43.47,206.1,0,82.4,123.7,0,0
2012,39,G,25.87,44.96,0.53,37.63,2.5,0,4.3
2012,39,R,2.68,97.6313,86.042,2.687,1.2293,7.373,0.3
2012,39,W,259.53,90.86,0.7,82.73,6.5,0,0.93
2012,39,Y,179.83,86.1,0.3,71.13,13.74,0.5,0.43
2012,4,G,7.93,122.4263,5.3,29.03,86.77,1.3263,0
2012,4,R,12.87,84.9,0.5,31.77,51.57,1.06,0
2012,4,W,271.983,108.416,0,52.297,44.843,6.323,4.953
2012,4,Y,265.83,132.05,0,79.64,33.37,19.04,0
2012,41,G,141.28,104.27,0,24.547,77.87,0,1.726
2012,41,R,260.8,133.4407,0,114.17,15.17,3.8307,0.27
2012,41,W,11.63,94.2537,0.9537,92.47,0.83,0,0
2012,41,Y,8.27,104.8697,2.13,22.7797,62.23,17.73,0
2012,45,G,349.783,164.9353,0.2053,103.68,60.37,0,0.68
2012,45,R,255.4,136.1814,0.3,30.4617,91.4497,12.27,1.7
2012,45,W,22.23,130.4817,12,26.1,81.57,1.53,0.1117
2012,45,Y,20.03,138.96,52.6,72.4,0.5,12.86,0.6
2012,5,G,292.2,157.847,0.3,74.7,77.907,4.87,0.07
2012,5,R,179.97,96.7253,1.83,66.67,26.17,0.8553,1.2
2012,5,W,20.77,80.01,3.71,66.47,9.83,0,0
2012,5,Y,10.57,170.1557,1.6,72.24,95.27,1.03,0.0157
2012,53,G,164.53,135.03,54.4,80.33,0,0.3,0
2012,53,R,154.847,116.373,0.4,114.883,1.09,0,0
2012,53,W,27.77,166.448,0.354,160.6,5.494,0,0
2012,53,Y,24.83,147.2117,1.4117,145.8,0,0,0
2012,70,G,52.37,56.47,13.33,25.83,9.94,0,0
2012,70,R,133.43,81.497,4.9917,33.97,42.47,0.0653,0
2012,70,W,80.64,159.194,3.5,21.776,125.581,8.337,0
2012,70,Y,74.53,240.9517,0.47,6.3,145.3317,83.19,1.53
2012,72,G,36.47,208.6703,10.6,74.79,104.09,18.7903,0
2012,72,R,27.4,102.147,3.3007,21.0393,71.507,6.3,0
2012,72,W,136.63,76.304,0.944,6.6,45.06,23.7,0
2012,72,Y,183.77,162.07,1.13,15.1,133.7,12.14,0
2012,77,G,195.58,212.379,0,32.57,73.073,0.11,0
2012,77,R,272.07,188.111,0,16.3,147.711,14.97,0
2012,77,W,0,137.06,10.8,0.87,110.36,5.17,0
2012,77,Y,16.13,254.605,1.14,18.63,218.335,6.33,0
2012,LS,G,54.73,55.69,44.23,10.83,0.63,0,0
2012,LS,R,263.63,127.97,9.17,102.2,15.57,1.03,0
2012,LS,W,171.17,98.57,1.66,95.34,1.57,0,0
2012,LS,Y,270.5,170.04,2.04,66.2,101.7,0.1,0
2013,10,G,162.4,92.3,1.2,75.4,13.03,0,2.67
2013,10,R,236.97,188.55,2.04,113.41,63.83,0,9.27
2013,10,W,179,186.9,0.23,127.2,55.97,0,3.5
2013,10,Y,84.73,91.02,20.49,13.33,53.5,0.2,3.5
2013,24,G,148.1,101.92,0.43,17.8,68.83,14.86,0
2013,24,R,153.73,94.5,1.83,20.93,34.83,12.21,7.77
2013,24,W,9.53,30.71,4.04,25.27,0,1.4,0
2013,24,Y,3.7,7.4,0.87,0.73,0,0.23,0
2013,26,G,716.27,290.51,0.01,34.77,241.37,13.1,0
2013,26,R,6.73,88.72,6,0.26,0,1.6,0
2013,26,W,53.63,9.33,1.4,5.3,1.83,0.8,0
2013,26,Y,168.07,21.99,0.37,0,0,0,0.16
2013,28,G,51.93,75.94,4.87,47.07,18.03,1.63,4.3
2013,28,R,68.8,65.2,8.79,26.64,19.57,10.2,0
2013,28,W,266.23,180.07,0.05,26.66,134.93,18.43,0
2013,28,Y,233.07,107.23,0.46,106.53,0,0.24,0
2013,35,G,353.83,112.16,0,45.23,66.17,0.6,0
2013,35,R,91.67,23.4,0,0,23.1,0,0
2013,35,W,350.87,202.8,0,11,191.33,0.47,0
2013,35,Y,220.27,123.85,0,55.23,68.53,0.09,0
2013,39,G,62.33,77.06,4.86,49.33,3.2,0,19.67
2013,39,R,155.63,110.95,1.46,101.03,2.03,5.23,1.2
2013,39,W,213.03,102.8,0,70.23,31.77,0.8,0
2013,39,Y,211.27,97.88,0.57,83.87,3.7,9.27,0.47
2013,4,G,196.17,178.16,0.93,73.87,100.9,2.4,0
2013,4,R,133.8,114.34,3.91,34.23,70.87,5.33,0
2013,4,W,181.33,65.07,0.53,58.8,5.6,0.14,0
2013,4,Y,522.07,137.56,0,58,68.73,9.13,1.33
2013,41,G,299,224.36,0,170.27,35.63,4.57,11.16
2013,41,R,324.07,152.07,0,111.67,32.3,0,8.1
2013,41,W,84.93,215.27,0.62,211.14,0,0,3.47
2013,41,Y,101.2,68.26,0.02,27.34,40.17,0,0.73
2013,45,G,297.33,115.93,0.06,85.7,25.87,0,4.3
2013,45,R,408.83,135.39,0.57,38.55,87.33,1.33,7.61
2013,45,W,192.4,149.48,1.04,46.23,89.9,3.57,6.17
2013,45,Y,122.6,127.94,18.76,79.54,3.67,25.97,0
2013,5,G,372.9,107.02,0.33,53.06,39.4,14.23,0
2013,5,R,444.87,112.63,1.43,44.83,59.54,3,3.8
2013,5,W,179.4,216.5,0.3,143.53,63.9,8.47,0.3
2013,5,Y,307.67,158.87,20.41,67.8,45.33,25.33,0
2013,53,G,305.03,161.28,25.15,136.13,0,0,0
2013,53,R,292.8,131.55,9.88,121.67,0,0,0
2013,53,W,100.07,214.52,54.12,134.5,25.9,0,0
2013,53,Y,134.1,244.52,114.53,129.26,0,0.73,0
2013,70,G,92.03,59.46,1.72,11,45.97,0,0.77
2013,70,R,327.9,108.99,0.16,74.7,33.94,0.19,0
2013,70,W,186.4,102,0.05,16.74,82.11,3.09,0.01
2013,70,Y,266.93,193.53,0,7.5,124.95,18.78,0.47
2013,72,G,201.97,164.86,0.97,40.83,114.76,4.77,0
2013,72,R,117.5,137.4,0.29,37.54,93.9,5.67,0
2013,72,W,208.8,105.11,1.6,16.83,80.05,6.63,0
2013,72,Y,131.17,158.54,0.5,10.53,125.74,6.1,14.97
2013,77,G,56.3,51.33,0,21.87,23.63,0,0
2013,77,R,419.7,232.06,3.3,16.7,144.33,49.2,13.43
2013,77,W,295.77,154.88,0.78,4.36,143.31,4.4,0
2013,77,Y,240.43,209.35,6.24,69.06,97,20.4,7
2013,LS,G,50.8,25.14,19.58,1.8,3.73,0.03,0
2013,LS,R,376.97,94.36,7.4,79.13,3.16,0,4.67
2013,LS,W,115.3,67.42,1.9,60.53,0.02,0,4.97
2013,LS,Y,271.97,137.77,44.8,73.8,3.4,0,15.77
2014,10,G,204.57,209.18,0.71,195.1,3.1,0,10.27
2014,10,R,181.93,156.28,4.18,70.66,80.83,0,0.61
2014,10,W,115.7,129.25,0.98,105.13,21.97,0.8,0.37
2014,10,Y,26.13,64.36,34.66,14.77,6.63,8.3,0
2014,24,G,297.83,211.88,17.64,49.67,139.53,5.04,0
2014,24,R,79.67,115.01,1.67,36.2,28.41,33.23,15.5
2014,24,W,28.43,66.05,12.46,40.03,12.83,0.73,0
2014,26,G,492.5,277.6,0.16,44.86,209.37,23.21,0
2014,26,R,6.03,33.19,1.03,0,0,0,0
2014,26,W,2.63,3.24,0.31,0,0,0,0
2014,26,Y,15.07,5.94,0.54,0.06,0,0,0
2014,28,G,108.77,113.74,5.08,104.77,2.66,0,1.23
2014,28,R,83.7,53.73,2.29,15.37,21.94,14.13,0
2014,28,W,164.37,178.47,0.31,38.29,139.87,0,0
2014,28,Y,201.27,181.29,4.32,99.7,7.87,69.4,0
2014,35,G,431.47,147.3,0,37.2,110.1,0,0
2014,35,R,31.77,24.31,0.12,3.1,20.27,0,0
2014,35,W,338.8,159.15,0,11.34,144.87,1.41,1.53
2014,35,Y,217.63,154.55,0,87.44,67.11,0,0
2014,39,G,60.23,168.18,11.34,70.37,54.17,1.87,30.43
2014,39,R,64.73,188.95,0.59,67.3,34.36,63.7,23
2014,39,W,262.63,146.42,0.16,85.87,60.13,0.07,0.19
2014,39,Y,124.87,81.88,0.51,56.44,1.63,23.22,0.08
2014,4,G,280.13,173.14,0,99.51,67.5,0.46,5.67
2014,4,R,150.5,142.06,0.01,48.03,57.9,36.12,0
2014,4,W,422.7,104.39,2.3,76.69,15.93,0.04,0
2014,4,Y,236.03,143.03,0,62.97,57.3,18.56,4.2
2014,41,G,205.07,180.94,0,166.7,9.77,0,4.47
2014,41,R,227.47,214.76,0,97.13,55.63,0,62
2014,41,W,101.93,169.86,0.08,158.27,6.07,0,5.43
2014,41,Y,122.27,132.98,0.26,74.33,49.6,0,8.79
2014,45,G,240.03,132.43,0,116.16,9.37,0,6.9
2014,45,R,234.13,141.68,0.63,55.94,78.84,1,5.27
2014,45,W,198.83,133.38,0.09,61.73,70.07,1.3,0.19
2014,45,Y,108.47,171.1,3.35,126.68,18.73,20.27,2.07
2014,5,G,321.9,96.64,1.29,41.83,44.83,8.69,0
2014,5,R,274.37,196.7,0,61.67,126.43,8.6,0
2014,5,W,180.13,156.39,12.42,85.57,13.91,44.49,0
2014,5,Y,290.97,194.55,22.21,54.01,73.2,38.43,6.7
2014,53,G,155.4,230.86,6.92,204.27,10.77,8.9,0
2014,53,R,114.7,168.12,19.84,146.93,1.34,0.01,0
2014,53,W,133.87,267.24,4.07,203.3,59.87,0,0
2014,53,Y,119.83,134.32,24.02,109.96,0,0.34,0
2014,70,G,117.07,73.84,2.97,28.3,35.38,0,0.16
2014,70,R,133.23,96.15,1.1,53,41.51,0.54,0
2014,70,W,96.9,100.86,0,22.29,74.97,3.4,0.2
2014,70,Y,226.93,190.41,0.01,15.33,113.5,30.63,0
2014,72,G,116.27,137.94,0.1,40.92,75.06,15.93,0
2014,72,R,118.7,101.49,0.08,44.06,38.71,17.77,0
2014,72,W,158.37,115.2,0.56,2.51,109.2,2.93,0
2014,72,Y,347.9,264.98,0,7.3,167.9,1.51,88.27
2014,77,G,360.47,23.57,0,17.47,2.3,0.07,0
2014,77,R,218.6,93.79,0.18,10.7,82.1,0.51,0.27
2014,77,W,236.4,134.69,7.1,5.54,111.64,2.84,7.57
2014,77,Y,193.97,146,2.97,21.11,113.13,8.79,0
2014,LS,G,22.57,29.27,18.75,0.94,5.78,3.8,0
2014,LS,R,114.27,158,69.21,87.36,0,0,1.43
2014,LS,W,156.83,177.12,2.63,128.65,28.3,15.97,1.57
2014,LS,Y,114.4,302.65,15.88,264.37,17.13,5.27,0
2015,10,G,85.33,118.65,0.85,84,10.63,0,23.17
2015,10,R,258.47,152.93,0,119.93,33,0,0
2015,10,W,17.83,128.94,1.37,122.8,4.77,0,0
2015,10,Y,11.33,174.13,7.12,24.04,123.3,19.67,0
2015,24,G,19.43,246.13,1.53,28.27,200.7,15.63,0
2015,24,R,4.2,162.94,5.57,50.74,37.47,66.63,2.53
2015,24,W,639.4,80.32,9.62,30.66,0.6,39.37,0
2015,24,Y,2740.73,87.41,0.01,0,0,0,0
2015,26,G,386.23,276.29,0,144.86,82.6,48.03,0.77
2015,26,W,1215.6,0.28,0,0,0.2,0,0
2015,26,Y,717.23,33.88,0.34,0.69,0.43,0,0.08
2015,28,G,21.23,100.91,1.21,68.7,27.3,3.7,0
2015,28,R,11,88.9,1.77,28.96,53.8,4.37,0
2015,28,W,171.03,196.72,0.86,66.6,127.98,1.28,0
2015,28,Y,205.2,199.67,0,142.07,0.6,57,0
2015,35,G,329.97,107.72,0,39.27,68.36,0,0.09
2015,35,R,1159.73,54.49,0,12.73,41.54,0,0
2015,35,W,32.1,291.43,0,9.63,280.43,1.37,0
2015,35,Y,256,306.48,0.04,112.1,194.34,0,0
2015,39,G,21.17,174.33,5.48,35.86,60.2,27.96,44.83
2015,39,R,48.43,138.16,2.57,82.27,26.46,22.23,4.63
2015,39,W,165.4,72.93,0,47.03,22.07,0,3.83
2015,39,Y,95.93,131.73,2.8,69.5,18.3,41.13,0
2015,4,G,2,118.24,0,61.87,55.27,0,0
2015,4,R,14.63,164.97,0.1,27.37,128.64,8.86,0
2015,4,W,795.67,110.34,0,107.23,3,0.03,0
2015,4,Y,235.93,223.1,4.54,129.53,47.97,40.73,0.23
2015,41,G,260.97,195.89,0,166.63,27.23,0,2.03
2015,41,R,1058.8,176.74,0.04,141.27,23.47,1.83,10.13
2015,41,W,5.37,101.59,3.39,98.2,0,0,0
2015,41,Y,23.37,120.93,1.73,105.37,11.73,0,2.1
2015,45,G,513.73,154.33,3.23,142.73,7.53,0.44,0.4
2015,45,R,173.77,134.27,0,37.07,92.03,1.17,4
2015,45,W,3.83,192.77,2.13,28.67,152.87,2.23,0
2015,45,Y,39.73,254.72,7.05,89.57,96.76,61.34,0
2015,5,G,353,150.01,1.26,83.13,42.8,22.8,0
2015,5,R,474.27,186.74,0,92.27,88.8,3.04,2.63
2015,5,W,2,170.27,1.17,61.1,101.8,6.2,0
2015,5,Y,5.9,147.05,1,102.86,28.22,14.97,0
2015,53,G,328.47,193.7,19.94,142.03,31.73,0,0
2015,53,R,211.57,174.13,24.27,145.8,2.13,1.93,0
2015,53,W,17.5,211.6,0.93,182.5,28.17,0,0
2015,53,Y,16.73,140.16,8.89,131.04,0.23,0,0
2015,70,G,62.1,98.23,7.63,68.64,12.36,0,0.4
2015,70,R,278.87,164.63,0.33,64.07,100.23,0,0
2015,70,W,27.97,129.75,0.23,40.79,83.69,5.04,0
2015,70,Y,12.13,370.36,0,1.87,250.785,50.06,3
2015,72,G,5.8,324.1,7.57,30.13,267.13,8.9,0
2015,72,R,18.33,110.95,3.13,11.03,91.93,4.86,0
2015,72,W,327.87,224.73,0.33,0,163,61.4,0
2015,72,Y,207.6,110.98,0,7.93,80.37,16.41,0
2015,77,G,338.87,105.12,0.23,6.13,0.33,0,0
2015,77,R,262.9,201.47,1.32,25.37,168.24,3.97,2.37
2015,77,W,9.6,288.96,3.1,45.31,223.11,3.07,0
2015,77,Y,34.73,253.77,2.5,7.15,226.69,17.43,0
2015,LS,G,48.37,36.69,26.15,0,2.37,8.17,0
2015,LS,R,304.53,145.33,14.63,115.57,2.3,2.6,10.23
2015,LS,W,140.67,79.32,9.94,59.2,0.14,9.97,0.07
2015,LS,Y,182.6,254.08,16.93,229.34,5.2,1.8,0.77
2016,10,G,211.3,158.07,0,134.47,23.27,0,0.33
2016,10,R,241.73,130.83,0.03,113.97,9.7,0,7.13
2016,10,W,138.87,111.87,0.06,72.98,38.66,0,0.17
2016,10,Y,114.43,150.6,1.4,21.47,97.53,30.2,0
2016,24,G,184.8,203.6,0.1,18.8,166.57,18.13,0
2016,24,R,85.6,153.91,0.89,50.16,66.93,14.96,20.97
2016,24,W,967.23,24.3,2.62,8.17,0.27,13.24,0
2016,26,G,301.6,237,0.06,94.47,127.83,13.91,0.73
2016,26,R,634.07,1.63,0,1.63,0,0,0
2016,26,W,794.53,2.63,0,0,0.3,0.33,0
2016,26,Y,1412.07,38.09,0,0,0,0.44,0
2016,28,G,104.1,147.85,6.44,66.37,50.9,6.81,17.33
2016,28,R,127.67,86.89,0,30.83,55.73,0.33,0
2016,28,W,727.6,141.5,0,36.93,104.4,0.17,0
2016,28,Y,148.27,145.86,0.8,126.43,1.4,17.23,0
2016,35,G,180.4,245.71,11.4,68.58,139.5,25.9,0.33
2016,35,R,1421.43,44.29,0,0.39,40.27,0.08,0
2016,35,W,195.03,268.79,0,17.83,245.13,5.83,0
2016,35,Y,155.97,215.7,0,94.2,121.5,0,0
2016,39,G,95.97,143.66,0.03,81.55,15.21,9.7,37.17
2016,39,R,102.03,109.86,0,81.9,16.46,7.67,3.83
2016,39,W,138,157.77,2.49,85.67,54.37,3.8,0.04
2016,39,Y,42.97,62.44,0.03,26.4,1.57,34.07,0.37
2016,4,G,195,214.66,1.67,106.46,75.13,31.4,0
2016,4,R,198,218.94,3.19,41.68,124.8,49.24,0.03
2016,4,W,530.13,182.95,0.04,149.2,31.8,0.84,1.07
2016,4,Y,234.1,182.7,15.97,119.07,24.64,23.01,0.01
2016,41,G,248.97,228.39,0,216.34,6.1,0,5.95
2016,41,R,133.47,178.2,0.87,136.23,27,0,14.1
2016,41,W,122.27,165.01,4.54,151.87,0,0,8.6
2016,41,Y,63.47,124.67,0,58.1,58.04,5.93,2.6
2016,45,G,193.77,183.89,0.39,161.64,20.93,0.43,0.5
2016,45,R,279.6,203.52,0.29,55.8,138.87,8.47,0.09
2016,45,W,159.97,184.45,7.07,23.6,150.17,2.78,0.83
2016,45,Y,663.57,289.19,0.8,99.87,181.19,7.33,0
2016,5,G,146.97,156.72,0.15,62.96,68.74,24.87,0
2016,5,R,210.17,210.19,0.23,88.23,100.56,21.17,0
2016,5,W,130.9,217.26,8.57,108.2,91.03,9.46,0
2016,5,Y,174.7,203.11,1.49,70.23,109.2,16.63,5.56
2016,53,G,248.43,190.91,23.19,148.27,13.77,5.3,0
2016,53,R,216.93,124.46,36.16,84.93,3.37,0,0
2016,53,W,214.37,293.11,1.54,175.47,116.1,0,0
2016,53,Y,130.67,227.73,3.53,223.5,0.7,0,0
2016,600,G,25.77,94.38,65.28,0,0,29.1,0
2016,600,R,79.83,113.83,74.76,0,0,39.07,0
2016,600,W,54.47,77,59.56,0.04,0,17.4,0
2016,600,Y,72,138.33,110.66,0,0,27.67,0
2016,601,G,3.67,50.93,28,22.93,0,0,0
2016,601,R,0,158.47,158.47,0,0,0,0
2016,601,W,0.27,98.93,97.66,1.27,0,0,0
2016,601,Y,0.23,67.93,60.43,7.5,0,0,0
2016,70,G,96.33,124.92,23.33,49.9,19.99,0.1,4.03
2016,70,R,194.07,187.27,1.23,79.03,106.33,0.68,0
2016,70,W,174.13,162.09,0.12,20.7,118.54,5.16,4.8
2016,70,Y,190.8,211.5,0.04,5.64,119.53,53.89,0.03
2016,72,G,242.93,252.06,3.53,84.53,144.47,9.4,4
2016,72,R,156.5,200.6,6.95,67.07,56.66,43.45,0
2016,72,W,91.97,114.53,2.4,3.86,91.17,17.1,0
2016,72,Y,195.87,236.34,0,16.07,219.98,0.29,0
2016,77,G,263.3,127.36,0,9.64,0.3,0,0
2016,77,R,216.1,232.22,0.73,42.26,159.9,4.83,0.07
2016,77,W,150.73,156.65,1.92,4,150.41,0.32,0
2016,77,Y,165.13,188.63,4.28,52.16,122.57,4.43,0.19
2016,LS,G,41.5,44.83,42.47,0.62,1.67,0.07,0
2016,LS,R,197.67,197.29,6.43,173.73,15.5,1.63,0
2016,LS,W,260.4,187.2,4.3,182.07,0.83,0,0
2016,LS,Y,299.33,220.04,2.9,190.74,26.4,0,0